wav_path	per
G:\RP\TIMIT16kHz\TEST\DR1\FAKS0\SA1.WAV	0.07317073170731707
G:\RP\TIMIT16kHz\TEST\DR1\FAKS0\SA2.WAV	0.08823529411764706
G:\RP\TIMIT16kHz\TEST\DR1\FAKS0\SI1573.WAV	0.13333333333333333
G:\RP\TIMIT16kHz\TEST\DR1\FAKS0\SI2203.WAV	0.125
G:\RP\TIMIT16kHz\TEST\DR1\FAKS0\SI943.WAV	0.20512820512820512
G:\RP\TIMIT16kHz\TEST\DR1\FAKS0\SX133.WAV	0.07894736842105263
G:\RP\TIMIT16kHz\TEST\DR1\FAKS0\SX223.WAV	0.0625
G:\RP\TIMIT16kHz\TEST\DR1\FAKS0\SX313.WAV	0.08108108108108109
G:\RP\TIMIT16kHz\TEST\DR1\FAKS0\SX403.WAV	0.025
G:\RP\TIMIT16kHz\TEST\DR1\FAKS0\SX43.WAV	0.14285714285714285
G:\RP\TIMIT16kHz\TEST\DR1\FDAC1\SA1.WAV	0.1
G:\RP\TIMIT16kHz\TEST\DR1\FDAC1\SA2.WAV	0.12121212121212122
G:\RP\TIMIT16kHz\TEST\DR1\FDAC1\SI1474.WAV	0.05405405405405406
G:\RP\TIMIT16kHz\TEST\DR1\FDAC1\SI2104.WAV	0.24242424242424243
G:\RP\TIMIT16kHz\TEST\DR1\FDAC1\SI844.WAV	0.15492957746478872
G:\RP\TIMIT16kHz\TEST\DR1\FDAC1\SX124.WAV	0.2903225806451613
G:\RP\TIMIT16kHz\TEST\DR1\FDAC1\SX214.WAV	0.2
G:\RP\TIMIT16kHz\TEST\DR1\FDAC1\SX304.WAV	0.08823529411764706
G:\RP\TIMIT16kHz\TEST\DR1\FDAC1\SX34.WAV	0.08
G:\RP\TIMIT16kHz\TEST\DR1\FDAC1\SX394.WAV	0.06666666666666667
G:\RP\TIMIT16kHz\TEST\DR1\FELC0\SA1.WAV	0.023809523809523808
G:\RP\TIMIT16kHz\TEST\DR1\FELC0\SA2.WAV	0.08108108108108109
G:\RP\TIMIT16kHz\TEST\DR1\FELC0\SI1386.WAV	0.14705882352941177
G:\RP\TIMIT16kHz\TEST\DR1\FELC0\SI2016.WAV	0.08823529411764706
G:\RP\TIMIT16kHz\TEST\DR1\FELC0\SI756.WAV	0.1111111111111111
G:\RP\TIMIT16kHz\TEST\DR1\FELC0\SX126.WAV	0.06666666666666667
G:\RP\TIMIT16kHz\TEST\DR1\FELC0\SX216.WAV	0.06896551724137931
G:\RP\TIMIT16kHz\TEST\DR1\FELC0\SX306.WAV	0.06896551724137931
G:\RP\TIMIT16kHz\TEST\DR1\FELC0\SX36.WAV	0.10638297872340426
G:\RP\TIMIT16kHz\TEST\DR1\FELC0\SX396.WAV	0.09803921568627451
G:\RP\TIMIT16kHz\TEST\DR1\FJEM0\SA1.WAV	0.04878048780487805
G:\RP\TIMIT16kHz\TEST\DR1\FJEM0\SA2.WAV	0.02857142857142857
G:\RP\TIMIT16kHz\TEST\DR1\FJEM0\SI1264.WAV	0.1
G:\RP\TIMIT16kHz\TEST\DR1\FJEM0\SI1894.WAV	0.06060606060606061
G:\RP\TIMIT16kHz\TEST\DR1\FJEM0\SI634.WAV	0.12280701754385964
G:\RP\TIMIT16kHz\TEST\DR1\FJEM0\SX184.WAV	0.17857142857142858
G:\RP\TIMIT16kHz\TEST\DR1\FJEM0\SX274.WAV	0.1935483870967742
G:\RP\TIMIT16kHz\TEST\DR1\FJEM0\SX364.WAV	0.12121212121212122
G:\RP\TIMIT16kHz\TEST\DR1\FJEM0\SX4.WAV	0.03333333333333333
G:\RP\TIMIT16kHz\TEST\DR1\FJEM0\SX94.WAV	0.02857142857142857
G:\RP\TIMIT16kHz\TEST\DR1\MDAB0\SA1.WAV	0.1794871794871795
G:\RP\TIMIT16kHz\TEST\DR1\MDAB0\SA2.WAV	0.09090909090909091
G:\RP\TIMIT16kHz\TEST\DR1\MDAB0\SI1039.WAV	0.17857142857142858
G:\RP\TIMIT16kHz\TEST\DR1\MDAB0\SI1669.WAV	0.09375
G:\RP\TIMIT16kHz\TEST\DR1\MDAB0\SI2299.WAV	0.175
G:\RP\TIMIT16kHz\TEST\DR1\MDAB0\SX139.WAV	0.225
G:\RP\TIMIT16kHz\TEST\DR1\MDAB0\SX229.WAV	0.28
G:\RP\TIMIT16kHz\TEST\DR1\MDAB0\SX319.WAV	0.10810810810810811
G:\RP\TIMIT16kHz\TEST\DR1\MDAB0\SX409.WAV	0.16326530612244897
G:\RP\TIMIT16kHz\TEST\DR1\MDAB0\SX49.WAV	0.19444444444444445
G:\RP\TIMIT16kHz\TEST\DR1\MJSW0\SA1.WAV	0.1111111111111111
G:\RP\TIMIT16kHz\TEST\DR1\MJSW0\SA2.WAV	0.06060606060606061
G:\RP\TIMIT16kHz\TEST\DR1\MJSW0\SI1010.WAV	0.18032786885245902
G:\RP\TIMIT16kHz\TEST\DR1\MJSW0\SI1640.WAV	0.0
G:\RP\TIMIT16kHz\TEST\DR1\MJSW0\SI2270.WAV	0.03333333333333333
G:\RP\TIMIT16kHz\TEST\DR1\MJSW0\SX110.WAV	0.20454545454545456
G:\RP\TIMIT16kHz\TEST\DR1\MJSW0\SX20.WAV	0.1111111111111111
G:\RP\TIMIT16kHz\TEST\DR1\MJSW0\SX200.WAV	0.1282051282051282
G:\RP\TIMIT16kHz\TEST\DR1\MJSW0\SX290.WAV	0.057692307692307696
G:\RP\TIMIT16kHz\TEST\DR1\MJSW0\SX380.WAV	0.03333333333333333
G:\RP\TIMIT16kHz\TEST\DR1\MREB0\SA1.WAV	0.09523809523809523
G:\RP\TIMIT16kHz\TEST\DR1\MREB0\SA2.WAV	0.0
G:\RP\TIMIT16kHz\TEST\DR1\MREB0\SI1375.WAV	0.13846153846153847
G:\RP\TIMIT16kHz\TEST\DR1\MREB0\SI2005.WAV	0.08620689655172414
G:\RP\TIMIT16kHz\TEST\DR1\MREB0\SI745.WAV	0.09090909090909091
G:\RP\TIMIT16kHz\TEST\DR1\MREB0\SX115.WAV	0.02564102564102564
G:\RP\TIMIT16kHz\TEST\DR1\MREB0\SX205.WAV	0.08333333333333333
G:\RP\TIMIT16kHz\TEST\DR1\MREB0\SX25.WAV	0.13043478260869565
G:\RP\TIMIT16kHz\TEST\DR1\MREB0\SX295.WAV	0.1111111111111111
G:\RP\TIMIT16kHz\TEST\DR1\MREB0\SX385.WAV	0.03225806451612903
G:\RP\TIMIT16kHz\TEST\DR1\MRJO0\SA1.WAV	0.24324324324324326
G:\RP\TIMIT16kHz\TEST\DR1\MRJO0\SA2.WAV	0.09375
G:\RP\TIMIT16kHz\TEST\DR1\MRJO0\SI1364.WAV	0.19230769230769232
G:\RP\TIMIT16kHz\TEST\DR1\MRJO0\SI1624.WAV	0.22727272727272727
G:\RP\TIMIT16kHz\TEST\DR1\MRJO0\SI734.WAV	0.22033898305084745
G:\RP\TIMIT16kHz\TEST\DR1\MRJO0\SX104.WAV	0.0
G:\RP\TIMIT16kHz\TEST\DR1\MRJO0\SX14.WAV	0.2571428571428571
G:\RP\TIMIT16kHz\TEST\DR1\MRJO0\SX194.WAV	0.23809523809523808
G:\RP\TIMIT16kHz\TEST\DR1\MRJO0\SX284.WAV	0.11904761904761904
G:\RP\TIMIT16kHz\TEST\DR1\MRJO0\SX374.WAV	0.16666666666666666
G:\RP\TIMIT16kHz\TEST\DR1\MSJS1\SA1.WAV	0.2777777777777778
G:\RP\TIMIT16kHz\TEST\DR1\MSJS1\SA2.WAV	0.03125
G:\RP\TIMIT16kHz\TEST\DR1\MSJS1\SI1899.WAV	0.2
G:\RP\TIMIT16kHz\TEST\DR1\MSJS1\SI639.WAV	0.1
G:\RP\TIMIT16kHz\TEST\DR1\MSJS1\SI869.WAV	0.21666666666666667
G:\RP\TIMIT16kHz\TEST\DR1\MSJS1\SX189.WAV	0.09090909090909091
G:\RP\TIMIT16kHz\TEST\DR1\MSJS1\SX279.WAV	0.17391304347826086
G:\RP\TIMIT16kHz\TEST\DR1\MSJS1\SX369.WAV	0.15384615384615385
G:\RP\TIMIT16kHz\TEST\DR1\MSJS1\SX9.WAV	0.15789473684210525
G:\RP\TIMIT16kHz\TEST\DR1\MSJS1\SX99.WAV	0.05714285714285714
G:\RP\TIMIT16kHz\TEST\DR1\MSTK0\SA1.WAV	0.11904761904761904
G:\RP\TIMIT16kHz\TEST\DR1\MSTK0\SA2.WAV	0.11428571428571428
G:\RP\TIMIT16kHz\TEST\DR1\MSTK0\SI1024.WAV	0.05454545454545454
G:\RP\TIMIT16kHz\TEST\DR1\MSTK0\SI2222.WAV	0.06818181818181818
G:\RP\TIMIT16kHz\TEST\DR1\MSTK0\SI2284.WAV	0.14285714285714285
G:\RP\TIMIT16kHz\TEST\DR1\MSTK0\SX124.WAV	0.15151515151515152
G:\RP\TIMIT16kHz\TEST\DR1\MSTK0\SX214.WAV	0.1111111111111111
G:\RP\TIMIT16kHz\TEST\DR1\MSTK0\SX304.WAV	0.08823529411764706
G:\RP\TIMIT16kHz\TEST\DR1\MSTK0\SX34.WAV	0.04
G:\RP\TIMIT16kHz\TEST\DR1\MSTK0\SX394.WAV	0.06666666666666667
G:\RP\TIMIT16kHz\TEST\DR1\MWBT0\SA1.WAV	0.075
G:\RP\TIMIT16kHz\TEST\DR1\MWBT0\SA2.WAV	0.0625
G:\RP\TIMIT16kHz\TEST\DR1\MWBT0\SI1553.WAV	0.05263157894736842
G:\RP\TIMIT16kHz\TEST\DR1\MWBT0\SI2183.WAV	0.0
G:\RP\TIMIT16kHz\TEST\DR1\MWBT0\SI923.WAV	0.075
G:\RP\TIMIT16kHz\TEST\DR1\MWBT0\SX113.WAV	0.05555555555555555
G:\RP\TIMIT16kHz\TEST\DR1\MWBT0\SX203.WAV	0.16666666666666666
G:\RP\TIMIT16kHz\TEST\DR1\MWBT0\SX23.WAV	0.09375
G:\RP\TIMIT16kHz\TEST\DR1\MWBT0\SX293.WAV	0.06666666666666667
G:\RP\TIMIT16kHz\TEST\DR1\MWBT0\SX383.WAV	0.07317073170731707
G:\RP\TIMIT16kHz\TEST\DR2\FCMR0\SA1.WAV	0.10256410256410256
G:\RP\TIMIT16kHz\TEST\DR2\FCMR0\SA2.WAV	0.029411764705882353
G:\RP\TIMIT16kHz\TEST\DR2\FCMR0\SI1105.WAV	0.1276595744680851
G:\RP\TIMIT16kHz\TEST\DR2\FCMR0\SI1735.WAV	0.22727272727272727
G:\RP\TIMIT16kHz\TEST\DR2\FCMR0\SI475.WAV	0.10714285714285714
G:\RP\TIMIT16kHz\TEST\DR2\FCMR0\SX115.WAV	0.14634146341463414
G:\RP\TIMIT16kHz\TEST\DR2\FCMR0\SX205.WAV	0.09803921568627451
G:\RP\TIMIT16kHz\TEST\DR2\FCMR0\SX25.WAV	0.08695652173913043
G:\RP\TIMIT16kHz\TEST\DR2\FCMR0\SX295.WAV	0.13953488372093023
G:\RP\TIMIT16kHz\TEST\DR2\FCMR0\SX385.WAV	0.0967741935483871
G:\RP\TIMIT16kHz\TEST\DR2\FDRD1\SA1.WAV	0.11627906976744186
G:\RP\TIMIT16kHz\TEST\DR2\FDRD1\SA2.WAV	0.05555555555555555
G:\RP\TIMIT16kHz\TEST\DR2\FDRD1\SI1544.WAV	0.05128205128205128
G:\RP\TIMIT16kHz\TEST\DR2\FDRD1\SI1566.WAV	0.12121212121212122
G:\RP\TIMIT16kHz\TEST\DR2\FDRD1\SI2149.WAV	0.09375
G:\RP\TIMIT16kHz\TEST\DR2\FDRD1\SX104.WAV	0.125
G:\RP\TIMIT16kHz\TEST\DR2\FDRD1\SX14.WAV	0.07692307692307693
G:\RP\TIMIT16kHz\TEST\DR2\FDRD1\SX194.WAV	0.045454545454545456
G:\RP\TIMIT16kHz\TEST\DR2\FDRD1\SX284.WAV	0.10638297872340426
G:\RP\TIMIT16kHz\TEST\DR2\FDRD1\SX374.WAV	0.0
G:\RP\TIMIT16kHz\TEST\DR2\FJAS0\SA1.WAV	0.09302325581395349
G:\RP\TIMIT16kHz\TEST\DR2\FJAS0\SA2.WAV	0.058823529411764705
G:\RP\TIMIT16kHz\TEST\DR2\FJAS0\SI1400.WAV	0.11363636363636363
G:\RP\TIMIT16kHz\TEST\DR2\FJAS0\SI2030.WAV	0.19230769230769232
G:\RP\TIMIT16kHz\TEST\DR2\FJAS0\SI770.WAV	0.05660377358490566
G:\RP\TIMIT16kHz\TEST\DR2\FJAS0\SX140.WAV	0.1
G:\RP\TIMIT16kHz\TEST\DR2\FJAS0\SX230.WAV	0.11428571428571428
G:\RP\TIMIT16kHz\TEST\DR2\FJAS0\SX320.WAV	0.17391304347826086
G:\RP\TIMIT16kHz\TEST\DR2\FJAS0\SX410.WAV	0.02857142857142857
G:\RP\TIMIT16kHz\TEST\DR2\FJAS0\SX50.WAV	0.13333333333333333
G:\RP\TIMIT16kHz\TEST\DR2\FJRE0\SA1.WAV	0.125
G:\RP\TIMIT16kHz\TEST\DR2\FJRE0\SA2.WAV	0.075
G:\RP\TIMIT16kHz\TEST\DR2\FJRE0\SI1116.WAV	0.0967741935483871
G:\RP\TIMIT16kHz\TEST\DR2\FJRE0\SI1587.WAV	0.15873015873015872
G:\RP\TIMIT16kHz\TEST\DR2\FJRE0\SI1746.WAV	0.03125
G:\RP\TIMIT16kHz\TEST\DR2\FJRE0\SX126.WAV	0.13793103448275862
G:\RP\TIMIT16kHz\TEST\DR2\FJRE0\SX216.WAV	0.034482758620689655
G:\RP\TIMIT16kHz\TEST\DR2\FJRE0\SX306.WAV	0.06896551724137931
G:\RP\TIMIT16kHz\TEST\DR2\FJRE0\SX36.WAV	0.18
G:\RP\TIMIT16kHz\TEST\DR2\FJRE0\SX396.WAV	0.05660377358490566
G:\RP\TIMIT16kHz\TEST\DR2\FJWB0\SA1.WAV	0.023809523809523808
G:\RP\TIMIT16kHz\TEST\DR2\FJWB0\SA2.WAV	0.12903225806451613
G:\RP\TIMIT16kHz\TEST\DR2\FJWB0\SI1265.WAV	0.20588235294117646
G:\RP\TIMIT16kHz\TEST\DR2\FJWB0\SI635.WAV	0.06779661016949153
G:\RP\TIMIT16kHz\TEST\DR2\FJWB0\SI992.WAV	0.14754098360655737
G:\RP\TIMIT16kHz\TEST\DR2\FJWB0\SX185.WAV	0.038461538461538464
G:\RP\TIMIT16kHz\TEST\DR2\FJWB0\SX275.WAV	0.09090909090909091
G:\RP\TIMIT16kHz\TEST\DR2\FJWB0\SX365.WAV	0.10416666666666667
G:\RP\TIMIT16kHz\TEST\DR2\FJWB0\SX5.WAV	0.0625
G:\RP\TIMIT16kHz\TEST\DR2\FJWB0\SX95.WAV	0.07692307692307693
G:\RP\TIMIT16kHz\TEST\DR2\FPAS0\SA1.WAV	0.08108108108108109
G:\RP\TIMIT16kHz\TEST\DR2\FPAS0\SA2.WAV	0.09090909090909091
G:\RP\TIMIT16kHz\TEST\DR2\FPAS0\SI1272.WAV	0.16666666666666666
G:\RP\TIMIT16kHz\TEST\DR2\FPAS0\SI2204.WAV	0.1
G:\RP\TIMIT16kHz\TEST\DR2\FPAS0\SI944.WAV	0.05405405405405406
G:\RP\TIMIT16kHz\TEST\DR2\FPAS0\SX134.WAV	0.1590909090909091
G:\RP\TIMIT16kHz\TEST\DR2\FPAS0\SX224.WAV	0.1
G:\RP\TIMIT16kHz\TEST\DR2\FPAS0\SX314.WAV	0.11627906976744186
G:\RP\TIMIT16kHz\TEST\DR2\FPAS0\SX404.WAV	0.08823529411764706
G:\RP\TIMIT16kHz\TEST\DR2\FPAS0\SX44.WAV	0.10256410256410256
G:\RP\TIMIT16kHz\TEST\DR2\FRAM1\SA1.WAV	0.12195121951219512
G:\RP\TIMIT16kHz\TEST\DR2\FRAM1\SA2.WAV	0.09090909090909091
G:\RP\TIMIT16kHz\TEST\DR2\FRAM1\SI1360.WAV	0.14285714285714285
G:\RP\TIMIT16kHz\TEST\DR2\FRAM1\SI522.WAV	0.11290322580645161
G:\RP\TIMIT16kHz\TEST\DR2\FRAM1\SI730.WAV	0.16666666666666666
G:\RP\TIMIT16kHz\TEST\DR2\FRAM1\SX10.WAV	0.21428571428571427
G:\RP\TIMIT16kHz\TEST\DR2\FRAM1\SX100.WAV	0.13157894736842105
G:\RP\TIMIT16kHz\TEST\DR2\FRAM1\SX190.WAV	0.07142857142857142
G:\RP\TIMIT16kHz\TEST\DR2\FRAM1\SX280.WAV	0.17647058823529413
G:\RP\TIMIT16kHz\TEST\DR2\FRAM1\SX370.WAV	0.2
G:\RP\TIMIT16kHz\TEST\DR2\FSLB1\SA1.WAV	0.11363636363636363
G:\RP\TIMIT16kHz\TEST\DR2\FSLB1\SA2.WAV	0.05128205128205128
G:\RP\TIMIT16kHz\TEST\DR2\FSLB1\SI1904.WAV	0.075
G:\RP\TIMIT16kHz\TEST\DR2\FSLB1\SI644.WAV	0.23333333333333334
G:\RP\TIMIT16kHz\TEST\DR2\FSLB1\SI891.WAV	0.109375
G:\RP\TIMIT16kHz\TEST\DR2\FSLB1\SX104.WAV	0.0
G:\RP\TIMIT16kHz\TEST\DR2\FSLB1\SX14.WAV	0.05128205128205128
G:\RP\TIMIT16kHz\TEST\DR2\FSLB1\SX194.WAV	0.08333333333333333
G:\RP\TIMIT16kHz\TEST\DR2\FSLB1\SX284.WAV	0.09090909090909091
G:\RP\TIMIT16kHz\TEST\DR2\FSLB1\SX374.WAV	0.07407407407407407
G:\RP\TIMIT16kHz\TEST\DR2\MABW0\SA1.WAV	0.12195121951219512
G:\RP\TIMIT16kHz\TEST\DR2\MABW0\SA2.WAV	0.15151515151515152
G:\RP\TIMIT16kHz\TEST\DR2\MABW0\SI1230.WAV	0.18461538461538463
G:\RP\TIMIT16kHz\TEST\DR2\MABW0\SI1664.WAV	0.16666666666666666
G:\RP\TIMIT16kHz\TEST\DR2\MABW0\SI2294.WAV	0.2571428571428571
G:\RP\TIMIT16kHz\TEST\DR2\MABW0\SX134.WAV	0.15555555555555556
G:\RP\TIMIT16kHz\TEST\DR2\MABW0\SX224.WAV	0.15
G:\RP\TIMIT16kHz\TEST\DR2\MABW0\SX314.WAV	0.1590909090909091
G:\RP\TIMIT16kHz\TEST\DR2\MABW0\SX404.WAV	0.09090909090909091
G:\RP\TIMIT16kHz\TEST\DR2\MABW0\SX44.WAV	0.16216216216216217
G:\RP\TIMIT16kHz\TEST\DR2\MBJK0\SA1.WAV	0.16279069767441862
G:\RP\TIMIT16kHz\TEST\DR2\MBJK0\SA2.WAV	0.05263157894736842
G:\RP\TIMIT16kHz\TEST\DR2\MBJK0\SI1175.WAV	0.1590909090909091
G:\RP\TIMIT16kHz\TEST\DR2\MBJK0\SI2128.WAV	0.09375
G:\RP\TIMIT16kHz\TEST\DR2\MBJK0\SI545.WAV	0.08333333333333333
G:\RP\TIMIT16kHz\TEST\DR2\MBJK0\SX185.WAV	0.07692307692307693
G:\RP\TIMIT16kHz\TEST\DR2\MBJK0\SX275.WAV	0.08333333333333333
G:\RP\TIMIT16kHz\TEST\DR2\MBJK0\SX365.WAV	0.061224489795918366
G:\RP\TIMIT16kHz\TEST\DR2\MBJK0\SX5.WAV	0.11764705882352941
G:\RP\TIMIT16kHz\TEST\DR2\MBJK0\SX95.WAV	0.1282051282051282
G:\RP\TIMIT16kHz\TEST\DR2\MCCS0\SA1.WAV	0.04878048780487805
G:\RP\TIMIT16kHz\TEST\DR2\MCCS0\SA2.WAV	0.08571428571428572
G:\RP\TIMIT16kHz\TEST\DR2\MCCS0\SI1469.WAV	0.09230769230769231
G:\RP\TIMIT16kHz\TEST\DR2\MCCS0\SI2099.WAV	0.14814814814814814
G:\RP\TIMIT16kHz\TEST\DR2\MCCS0\SI839.WAV	0.08771929824561403
G:\RP\TIMIT16kHz\TEST\DR2\MCCS0\SX119.WAV	0.07142857142857142
G:\RP\TIMIT16kHz\TEST\DR2\MCCS0\SX209.WAV	0.125
G:\RP\TIMIT16kHz\TEST\DR2\MCCS0\SX29.WAV	0.15151515151515152
G:\RP\TIMIT16kHz\TEST\DR2\MCCS0\SX299.WAV	0.10526315789473684
G:\RP\TIMIT16kHz\TEST\DR2\MCCS0\SX389.WAV	0.05555555555555555
G:\RP\TIMIT16kHz\TEST\DR2\MCEM0\SA1.WAV	0.08108108108108109
G:\RP\TIMIT16kHz\TEST\DR2\MCEM0\SA2.WAV	0.06451612903225806
G:\RP\TIMIT16kHz\TEST\DR2\MCEM0\SI1398.WAV	0.14814814814814814
G:\RP\TIMIT16kHz\TEST\DR2\MCEM0\SI2028.WAV	0.09523809523809523
G:\RP\TIMIT16kHz\TEST\DR2\MCEM0\SI768.WAV	0.11538461538461539
G:\RP\TIMIT16kHz\TEST\DR2\MCEM0\SX138.WAV	0.0425531914893617
G:\RP\TIMIT16kHz\TEST\DR2\MCEM0\SX228.WAV	0.125
G:\RP\TIMIT16kHz\TEST\DR2\MCEM0\SX318.WAV	0.058823529411764705
G:\RP\TIMIT16kHz\TEST\DR2\MCEM0\SX408.WAV	0.08333333333333333
G:\RP\TIMIT16kHz\TEST\DR2\MCEM0\SX48.WAV	0.1282051282051282
G:\RP\TIMIT16kHz\TEST\DR2\MDBB0\SA1.WAV	0.14285714285714285
G:\RP\TIMIT16kHz\TEST\DR2\MDBB0\SA2.WAV	0.11428571428571428
G:\RP\TIMIT16kHz\TEST\DR2\MDBB0\SI1195.WAV	0.15384615384615385
G:\RP\TIMIT16kHz\TEST\DR2\MDBB0\SI1825.WAV	0.13333333333333333
G:\RP\TIMIT16kHz\TEST\DR2\MDBB0\SI565.WAV	0.08695652173913043
G:\RP\TIMIT16kHz\TEST\DR2\MDBB0\SX115.WAV	0.15
G:\RP\TIMIT16kHz\TEST\DR2\MDBB0\SX205.WAV	0.11320754716981132
G:\RP\TIMIT16kHz\TEST\DR2\MDBB0\SX25.WAV	0.125
G:\RP\TIMIT16kHz\TEST\DR2\MDBB0\SX295.WAV	0.15217391304347827
G:\RP\TIMIT16kHz\TEST\DR2\MDBB0\SX385.WAV	0.13793103448275862
G:\RP\TIMIT16kHz\TEST\DR2\MDLD0\SA1.WAV	0.046511627906976744
G:\RP\TIMIT16kHz\TEST\DR2\MDLD0\SA2.WAV	0.05405405405405406
G:\RP\TIMIT16kHz\TEST\DR2\MDLD0\SI1543.WAV	0.0
G:\RP\TIMIT16kHz\TEST\DR2\MDLD0\SI2173.WAV	0.031746031746031744
G:\RP\TIMIT16kHz\TEST\DR2\MDLD0\SI913.WAV	0.1568627450980392
G:\RP\TIMIT16kHz\TEST\DR2\MDLD0\SX103.WAV	0.15
G:\RP\TIMIT16kHz\TEST\DR2\MDLD0\SX13.WAV	0.13043478260869565
G:\RP\TIMIT16kHz\TEST\DR2\MDLD0\SX193.WAV	0.2
G:\RP\TIMIT16kHz\TEST\DR2\MDLD0\SX283.WAV	0.0392156862745098
G:\RP\TIMIT16kHz\TEST\DR2\MDLD0\SX373.WAV	0.027777777777777776
G:\RP\TIMIT16kHz\TEST\DR2\MGWT0\SA1.WAV	0.04878048780487805
G:\RP\TIMIT16kHz\TEST\DR2\MGWT0\SA2.WAV	0.08571428571428572
G:\RP\TIMIT16kHz\TEST\DR2\MGWT0\SI1539.WAV	0.08571428571428572
G:\RP\TIMIT16kHz\TEST\DR2\MGWT0\SI2169.WAV	0.07017543859649122
G:\RP\TIMIT16kHz\TEST\DR2\MGWT0\SI909.WAV	0.11538461538461539
G:\RP\TIMIT16kHz\TEST\DR2\MGWT0\SX189.WAV	0.11428571428571428
G:\RP\TIMIT16kHz\TEST\DR2\MGWT0\SX279.WAV	0.16
G:\RP\TIMIT16kHz\TEST\DR2\MGWT0\SX369.WAV	0.27586206896551724
G:\RP\TIMIT16kHz\TEST\DR2\MGWT0\SX9.WAV	0.22727272727272727
G:\RP\TIMIT16kHz\TEST\DR2\MGWT0\SX99.WAV	0.13157894736842105
G:\RP\TIMIT16kHz\TEST\DR2\MJAR0\SA1.WAV	0.07142857142857142
G:\RP\TIMIT16kHz\TEST\DR2\MJAR0\SA2.WAV	0.14705882352941177
G:\RP\TIMIT16kHz\TEST\DR2\MJAR0\SI1988.WAV	0.13043478260869565
G:\RP\TIMIT16kHz\TEST\DR2\MJAR0\SI2247.WAV	0.1111111111111111
G:\RP\TIMIT16kHz\TEST\DR2\MJAR0\SI728.WAV	0.07692307692307693
G:\RP\TIMIT16kHz\TEST\DR2\MJAR0\SX188.WAV	0.10526315789473684
G:\RP\TIMIT16kHz\TEST\DR2\MJAR0\SX278.WAV	0.06
G:\RP\TIMIT16kHz\TEST\DR2\MJAR0\SX368.WAV	0.09259259259259259
G:\RP\TIMIT16kHz\TEST\DR2\MJAR0\SX8.WAV	0.08695652173913043
G:\RP\TIMIT16kHz\TEST\DR2\MJAR0\SX98.WAV	0.08695652173913043
G:\RP\TIMIT16kHz\TEST\DR2\MMDB1\SA1.WAV	0.0975609756097561
G:\RP\TIMIT16kHz\TEST\DR2\MMDB1\SA2.WAV	0.15151515151515152
G:\RP\TIMIT16kHz\TEST\DR2\MMDB1\SI1625.WAV	0.07692307692307693
G:\RP\TIMIT16kHz\TEST\DR2\MMDB1\SI2255.WAV	0.10204081632653061
G:\RP\TIMIT16kHz\TEST\DR2\MMDB1\SI995.WAV	0.10344827586206896
G:\RP\TIMIT16kHz\TEST\DR2\MMDB1\SX185.WAV	0.037037037037037035
G:\RP\TIMIT16kHz\TEST\DR2\MMDB1\SX275.WAV	0.14705882352941177
G:\RP\TIMIT16kHz\TEST\DR2\MMDB1\SX365.WAV	0.16326530612244897
G:\RP\TIMIT16kHz\TEST\DR2\MMDB1\SX5.WAV	0.0
G:\RP\TIMIT16kHz\TEST\DR2\MMDB1\SX95.WAV	0.09302325581395349
G:\RP\TIMIT16kHz\TEST\DR2\MMDM2\SA1.WAV	0.07692307692307693
G:\RP\TIMIT16kHz\TEST\DR2\MMDM2\SA2.WAV	0.05714285714285714
G:\RP\TIMIT16kHz\TEST\DR2\MMDM2\SI1452.WAV	0.07936507936507936
G:\RP\TIMIT16kHz\TEST\DR2\MMDM2\SI1555.WAV	0.0
G:\RP\TIMIT16kHz\TEST\DR2\MMDM2\SI2082.WAV	0.09523809523809523
G:\RP\TIMIT16kHz\TEST\DR2\MMDM2\SX102.WAV	0.08333333333333333
G:\RP\TIMIT16kHz\TEST\DR2\MMDM2\SX12.WAV	0.15
G:\RP\TIMIT16kHz\TEST\DR2\MMDM2\SX192.WAV	0.07692307692307693
G:\RP\TIMIT16kHz\TEST\DR2\MMDM2\SX282.WAV	0.024390243902439025
G:\RP\TIMIT16kHz\TEST\DR2\MMDM2\SX372.WAV	0.05128205128205128
G:\RP\TIMIT16kHz\TEST\DR2\MPDF0\SA1.WAV	0.023809523809523808
G:\RP\TIMIT16kHz\TEST\DR2\MPDF0\SA2.WAV	0.08571428571428572
G:\RP\TIMIT16kHz\TEST\DR2\MPDF0\SI1542.WAV	0.15
G:\RP\TIMIT16kHz\TEST\DR2\MPDF0\SI2172.WAV	0.046511627906976744
G:\RP\TIMIT16kHz\TEST\DR2\MPDF0\SI912.WAV	0.027777777777777776
G:\RP\TIMIT16kHz\TEST\DR2\MPDF0\SX102.WAV	0.038461538461538464
G:\RP\TIMIT16kHz\TEST\DR2\MPDF0\SX12.WAV	0.08
G:\RP\TIMIT16kHz\TEST\DR2\MPDF0\SX192.WAV	0.11538461538461539
G:\RP\TIMIT16kHz\TEST\DR2\MPDF0\SX282.WAV	0.1
G:\RP\TIMIT16kHz\TEST\DR2\MPDF0\SX372.WAV	0.05128205128205128
G:\RP\TIMIT16kHz\TEST\DR2\MPGL0\SA1.WAV	0.17073170731707318
G:\RP\TIMIT16kHz\TEST\DR2\MPGL0\SA2.WAV	0.08823529411764706
G:\RP\TIMIT16kHz\TEST\DR2\MPGL0\SI1099.WAV	0.0
G:\RP\TIMIT16kHz\TEST\DR2\MPGL0\SI1729.WAV	0.125
G:\RP\TIMIT16kHz\TEST\DR2\MPGL0\SI469.WAV	0.13513513513513514
G:\RP\TIMIT16kHz\TEST\DR2\MPGL0\SX109.WAV	0.1951219512195122
G:\RP\TIMIT16kHz\TEST\DR2\MPGL0\SX19.WAV	0.1388888888888889
G:\RP\TIMIT16kHz\TEST\DR2\MPGL0\SX199.WAV	0.0392156862745098
G:\RP\TIMIT16kHz\TEST\DR2\MPGL0\SX289.WAV	0.1282051282051282
G:\RP\TIMIT16kHz\TEST\DR2\MPGL0\SX379.WAV	0.030303030303030304
G:\RP\TIMIT16kHz\TEST\DR2\MRCZ0\SA1.WAV	0.05128205128205128
G:\RP\TIMIT16kHz\TEST\DR2\MRCZ0\SA2.WAV	0.08333333333333333
G:\RP\TIMIT16kHz\TEST\DR2\MRCZ0\SI1541.WAV	0.14583333333333334
G:\RP\TIMIT16kHz\TEST\DR2\MRCZ0\SI2171.WAV	0.08333333333333333
G:\RP\TIMIT16kHz\TEST\DR2\MRCZ0\SI911.WAV	0.14285714285714285
G:\RP\TIMIT16kHz\TEST\DR2\MRCZ0\SX101.WAV	0.11538461538461539
G:\RP\TIMIT16kHz\TEST\DR2\MRCZ0\SX11.WAV	0.10526315789473684
G:\RP\TIMIT16kHz\TEST\DR2\MRCZ0\SX191.WAV	0.1111111111111111
G:\RP\TIMIT16kHz\TEST\DR2\MRCZ0\SX281.WAV	0.05
G:\RP\TIMIT16kHz\TEST\DR2\MRCZ0\SX371.WAV	0.05
G:\RP\TIMIT16kHz\TEST\DR2\MRGG0\SA1.WAV	0.07317073170731707
G:\RP\TIMIT16kHz\TEST\DR2\MRGG0\SA2.WAV	0.0
G:\RP\TIMIT16kHz\TEST\DR2\MRGG0\SI1199.WAV	0.041666666666666664
G:\RP\TIMIT16kHz\TEST\DR2\MRGG0\SI1829.WAV	0.1076923076923077
G:\RP\TIMIT16kHz\TEST\DR2\MRGG0\SI569.WAV	0.0
G:\RP\TIMIT16kHz\TEST\DR2\MRGG0\SX119.WAV	0.024390243902439025
G:\RP\TIMIT16kHz\TEST\DR2\MRGG0\SX209.WAV	0.05555555555555555
G:\RP\TIMIT16kHz\TEST\DR2\MRGG0\SX29.WAV	0.05555555555555555
G:\RP\TIMIT16kHz\TEST\DR2\MRGG0\SX299.WAV	0.16216216216216217
G:\RP\TIMIT16kHz\TEST\DR2\MRGG0\SX389.WAV	0.029411764705882353
G:\RP\TIMIT16kHz\TEST\DR2\MTAS1\SA1.WAV	0.15
G:\RP\TIMIT16kHz\TEST\DR2\MTAS1\SA2.WAV	0.10810810810810811
G:\RP\TIMIT16kHz\TEST\DR2\MTAS1\SI1473.WAV	0.05263157894736842
G:\RP\TIMIT16kHz\TEST\DR2\MTAS1\SI2098.WAV	0.10256410256410256
G:\RP\TIMIT16kHz\TEST\DR2\MTAS1\SI838.WAV	0.023809523809523808
G:\RP\TIMIT16kHz\TEST\DR2\MTAS1\SX118.WAV	0.07894736842105263
G:\RP\TIMIT16kHz\TEST\DR2\MTAS1\SX208.WAV	0.16666666666666666
G:\RP\TIMIT16kHz\TEST\DR2\MTAS1\SX28.WAV	0.09375
G:\RP\TIMIT16kHz\TEST\DR2\MTAS1\SX298.WAV	0.07692307692307693
G:\RP\TIMIT16kHz\TEST\DR2\MTAS1\SX388.WAV	0.16
G:\RP\TIMIT16kHz\TEST\DR2\MTMR0\SA1.WAV	0.08108108108108109
G:\RP\TIMIT16kHz\TEST\DR2\MTMR0\SA2.WAV	0.08823529411764706
G:\RP\TIMIT16kHz\TEST\DR2\MTMR0\SI1303.WAV	0.08196721311475409
G:\RP\TIMIT16kHz\TEST\DR2\MTMR0\SI1933.WAV	0.0625
G:\RP\TIMIT16kHz\TEST\DR2\MTMR0\SI673.WAV	0.05263157894736842
G:\RP\TIMIT16kHz\TEST\DR2\MTMR0\SX133.WAV	0.21621621621621623
G:\RP\TIMIT16kHz\TEST\DR2\MTMR0\SX223.WAV	0.0625
G:\RP\TIMIT16kHz\TEST\DR2\MTMR0\SX313.WAV	0.05714285714285714
G:\RP\TIMIT16kHz\TEST\DR2\MTMR0\SX403.WAV	0.07317073170731707
G:\RP\TIMIT16kHz\TEST\DR2\MTMR0\SX43.WAV	0.12121212121212122
G:\RP\TIMIT16kHz\TEST\DR2\MWEW0\SA1.WAV	0.07894736842105263
G:\RP\TIMIT16kHz\TEST\DR2\MWEW0\SA2.WAV	0.0
G:\RP\TIMIT16kHz\TEST\DR2\MWEW0\SI1361.WAV	0.10810810810810811
G:\RP\TIMIT16kHz\TEST\DR2\MWEW0\SI1991.WAV	0.05172413793103448
G:\RP\TIMIT16kHz\TEST\DR2\MWEW0\SI731.WAV	0.16666666666666666
G:\RP\TIMIT16kHz\TEST\DR2\MWEW0\SX101.WAV	0.1568627450980392
G:\RP\TIMIT16kHz\TEST\DR2\MWEW0\SX11.WAV	0.0
G:\RP\TIMIT16kHz\TEST\DR2\MWEW0\SX191.WAV	0.1875
G:\RP\TIMIT16kHz\TEST\DR2\MWEW0\SX281.WAV	0.02631578947368421
G:\RP\TIMIT16kHz\TEST\DR2\MWEW0\SX371.WAV	0.025
G:\RP\TIMIT16kHz\TEST\DR2\MWVW0\SA1.WAV	0.07317073170731707
G:\RP\TIMIT16kHz\TEST\DR2\MWVW0\SA2.WAV	0.030303030303030304
G:\RP\TIMIT16kHz\TEST\DR2\MWVW0\SI1476.WAV	0.09523809523809523
G:\RP\TIMIT16kHz\TEST\DR2\MWVW0\SI2106.WAV	0.13333333333333333
G:\RP\TIMIT16kHz\TEST\DR2\MWVW0\SI846.WAV	0.11666666666666667
G:\RP\TIMIT16kHz\TEST\DR2\MWVW0\SX126.WAV	0.2
G:\RP\TIMIT16kHz\TEST\DR2\MWVW0\SX216.WAV	0.034482758620689655
G:\RP\TIMIT16kHz\TEST\DR2\MWVW0\SX306.WAV	0.14285714285714285
G:\RP\TIMIT16kHz\TEST\DR2\MWVW0\SX36.WAV	0.125
G:\RP\TIMIT16kHz\TEST\DR2\MWVW0\SX396.WAV	0.057692307692307696
G:\RP\TIMIT16kHz\TEST\DR3\FCMH0\SA1.WAV	0.12195121951219512
G:\RP\TIMIT16kHz\TEST\DR3\FCMH0\SA2.WAV	0.05405405405405406
G:\RP\TIMIT16kHz\TEST\DR3\FCMH0\SI1454.WAV	0.140625
G:\RP\TIMIT16kHz\TEST\DR3\FCMH0\SI2084.WAV	0.0
G:\RP\TIMIT16kHz\TEST\DR3\FCMH0\SI824.WAV	0.11666666666666667
G:\RP\TIMIT16kHz\TEST\DR3\FCMH0\SX104.WAV	0.037037037037037035
G:\RP\TIMIT16kHz\TEST\DR3\FCMH0\SX14.WAV	0.13513513513513514
G:\RP\TIMIT16kHz\TEST\DR3\FCMH0\SX194.WAV	0.13043478260869565
G:\RP\TIMIT16kHz\TEST\DR3\FCMH0\SX284.WAV	0.06382978723404255
G:\RP\TIMIT16kHz\TEST\DR3\FCMH0\SX374.WAV	0.037037037037037035
G:\RP\TIMIT16kHz\TEST\DR3\FKMS0\SA1.WAV	0.125
G:\RP\TIMIT16kHz\TEST\DR3\FKMS0\SA2.WAV	0.030303030303030304
G:\RP\TIMIT16kHz\TEST\DR3\FKMS0\SI1490.WAV	0.11428571428571428
G:\RP\TIMIT16kHz\TEST\DR3\FKMS0\SI2120.WAV	0.15217391304347827
G:\RP\TIMIT16kHz\TEST\DR3\FKMS0\SI860.WAV	0.18604651162790697
G:\RP\TIMIT16kHz\TEST\DR3\FKMS0\SX140.WAV	0.12244897959183673
G:\RP\TIMIT16kHz\TEST\DR3\FKMS0\SX230.WAV	0.12121212121212122
G:\RP\TIMIT16kHz\TEST\DR3\FKMS0\SX320.WAV	0.13333333333333333
G:\RP\TIMIT16kHz\TEST\DR3\FKMS0\SX410.WAV	0.029411764705882353
G:\RP\TIMIT16kHz\TEST\DR3\FKMS0\SX50.WAV	0.0425531914893617
G:\RP\TIMIT16kHz\TEST\DR3\FPKT0\SA1.WAV	0.1
G:\RP\TIMIT16kHz\TEST\DR3\FPKT0\SA2.WAV	0.09375
G:\RP\TIMIT16kHz\TEST\DR3\FPKT0\SI1538.WAV	0.10204081632653061
G:\RP\TIMIT16kHz\TEST\DR3\FPKT0\SI2168.WAV	0.0
G:\RP\TIMIT16kHz\TEST\DR3\FPKT0\SI908.WAV	0.22580645161290322
G:\RP\TIMIT16kHz\TEST\DR3\FPKT0\SX188.WAV	0.08571428571428572
G:\RP\TIMIT16kHz\TEST\DR3\FPKT0\SX278.WAV	0.1
G:\RP\TIMIT16kHz\TEST\DR3\FPKT0\SX368.WAV	0.11764705882352941
G:\RP\TIMIT16kHz\TEST\DR3\FPKT0\SX8.WAV	0.08695652173913043
G:\RP\TIMIT16kHz\TEST\DR3\FPKT0\SX98.WAV	0.125
G:\RP\TIMIT16kHz\TEST\DR3\MBDG0\SA1.WAV	0.0975609756097561
G:\RP\TIMIT16kHz\TEST\DR3\MBDG0\SA2.WAV	0.030303030303030304
G:\RP\TIMIT16kHz\TEST\DR3\MBDG0\SI1463.WAV	0.024390243902439025
G:\RP\TIMIT16kHz\TEST\DR3\MBDG0\SI2093.WAV	0.16666666666666666
G:\RP\TIMIT16kHz\TEST\DR3\MBDG0\SI833.WAV	0.043478260869565216
G:\RP\TIMIT16kHz\TEST\DR3\MBDG0\SX113.WAV	0.08823529411764706
G:\RP\TIMIT16kHz\TEST\DR3\MBDG0\SX203.WAV	0.0625
G:\RP\TIMIT16kHz\TEST\DR3\MBDG0\SX23.WAV	0.030303030303030304
G:\RP\TIMIT16kHz\TEST\DR3\MBDG0\SX293.WAV	0.06521739130434782
G:\RP\TIMIT16kHz\TEST\DR3\MBDG0\SX383.WAV	0.05555555555555555
G:\RP\TIMIT16kHz\TEST\DR3\MBWM0\SA1.WAV	0.05405405405405406
G:\RP\TIMIT16kHz\TEST\DR3\MBWM0\SA2.WAV	0.125
G:\RP\TIMIT16kHz\TEST\DR3\MBWM0\SI1304.WAV	0.08108108108108109
G:\RP\TIMIT16kHz\TEST\DR3\MBWM0\SI1934.WAV	0.0
G:\RP\TIMIT16kHz\TEST\DR3\MBWM0\SI674.WAV	0.09090909090909091
G:\RP\TIMIT16kHz\TEST\DR3\MBWM0\SX134.WAV	0.1276595744680851
G:\RP\TIMIT16kHz\TEST\DR3\MBWM0\SX224.WAV	0.09090909090909091
G:\RP\TIMIT16kHz\TEST\DR3\MBWM0\SX314.WAV	0.07692307692307693
G:\RP\TIMIT16kHz\TEST\DR3\MBWM0\SX404.WAV	0.09090909090909091
G:\RP\TIMIT16kHz\TEST\DR3\MBWM0\SX44.WAV	0.11428571428571428
G:\RP\TIMIT16kHz\TEST\DR3\MCSH0\SA1.WAV	0.07317073170731707
G:\RP\TIMIT16kHz\TEST\DR3\MCSH0\SA2.WAV	0.11428571428571428
G:\RP\TIMIT16kHz\TEST\DR3\MCSH0\SI1549.WAV	0.09523809523809523
G:\RP\TIMIT16kHz\TEST\DR3\MCSH0\SI2179.WAV	0.05
G:\RP\TIMIT16kHz\TEST\DR3\MCSH0\SI919.WAV	0.20634920634920634
G:\RP\TIMIT16kHz\TEST\DR3\MCSH0\SX109.WAV	0.05
G:\RP\TIMIT16kHz\TEST\DR3\MCSH0\SX19.WAV	0.08571428571428572
G:\RP\TIMIT16kHz\TEST\DR3\MCSH0\SX199.WAV	0.09803921568627451
G:\RP\TIMIT16kHz\TEST\DR3\MCSH0\SX289.WAV	0.02857142857142857
G:\RP\TIMIT16kHz\TEST\DR3\MCSH0\SX379.WAV	0.0625
G:\RP\TIMIT16kHz\TEST\DR3\MCTW0\SA1.WAV	0.05128205128205128
G:\RP\TIMIT16kHz\TEST\DR3\MCTW0\SA2.WAV	0.02857142857142857
G:\RP\TIMIT16kHz\TEST\DR3\MCTW0\SI1373.WAV	0.06153846153846154
G:\RP\TIMIT16kHz\TEST\DR3\MCTW0\SI2003.WAV	0.047619047619047616
G:\RP\TIMIT16kHz\TEST\DR3\MCTW0\SI743.WAV	0.0
G:\RP\TIMIT16kHz\TEST\DR3\MCTW0\SX113.WAV	0.08571428571428572
G:\RP\TIMIT16kHz\TEST\DR3\MCTW0\SX203.WAV	0.08571428571428572
G:\RP\TIMIT16kHz\TEST\DR3\MCTW0\SX23.WAV	0.09090909090909091
G:\RP\TIMIT16kHz\TEST\DR3\MCTW0\SX293.WAV	0.06666666666666667
G:\RP\TIMIT16kHz\TEST\DR3\MCTW0\SX383.WAV	0.045454545454545456
G:\RP\TIMIT16kHz\TEST\DR3\MGJF0\SA1.WAV	0.075
G:\RP\TIMIT16kHz\TEST\DR3\MGJF0\SA2.WAV	0.03125
G:\RP\TIMIT16kHz\TEST\DR3\MGJF0\SI1901.WAV	0.022727272727272728
G:\RP\TIMIT16kHz\TEST\DR3\MGJF0\SI641.WAV	0.11666666666666667
G:\RP\TIMIT16kHz\TEST\DR3\MGJF0\SI776.WAV	0.045454545454545456
G:\RP\TIMIT16kHz\TEST\DR3\MGJF0\SX101.WAV	0.11764705882352941
G:\RP\TIMIT16kHz\TEST\DR3\MGJF0\SX11.WAV	0.06666666666666667
G:\RP\TIMIT16kHz\TEST\DR3\MGJF0\SX191.WAV	0.0967741935483871
G:\RP\TIMIT16kHz\TEST\DR3\MGJF0\SX281.WAV	0.0
G:\RP\TIMIT16kHz\TEST\DR3\MGJF0\SX371.WAV	0.025
G:\RP\TIMIT16kHz\TEST\DR3\MGLB0\SA1.WAV	0.02631578947368421
G:\RP\TIMIT16kHz\TEST\DR3\MGLB0\SA2.WAV	0.0625
G:\RP\TIMIT16kHz\TEST\DR3\MGLB0\SI1534.WAV	0.08888888888888889
G:\RP\TIMIT16kHz\TEST\DR3\MGLB0\SI2164.WAV	0.05555555555555555
G:\RP\TIMIT16kHz\TEST\DR3\MGLB0\SI904.WAV	0.11666666666666667
G:\RP\TIMIT16kHz\TEST\DR3\MGLB0\SX184.WAV	0.12903225806451613
G:\RP\TIMIT16kHz\TEST\DR3\MGLB0\SX274.WAV	0.06666666666666667
G:\RP\TIMIT16kHz\TEST\DR3\MGLB0\SX364.WAV	0.046153846153846156
G:\RP\TIMIT16kHz\TEST\DR3\MGLB0\SX4.WAV	0.03333333333333333
G:\RP\TIMIT16kHz\TEST\DR3\MGLB0\SX94.WAV	0.02857142857142857
G:\RP\TIMIT16kHz\TEST\DR3\MHPG0\SA1.WAV	0.10256410256410256
G:\RP\TIMIT16kHz\TEST\DR3\MHPG0\SA2.WAV	0.12121212121212122
G:\RP\TIMIT16kHz\TEST\DR3\MHPG0\SI1090.WAV	0.06779661016949153
G:\RP\TIMIT16kHz\TEST\DR3\MHPG0\SI1720.WAV	0.06666666666666667
G:\RP\TIMIT16kHz\TEST\DR3\MHPG0\SI460.WAV	0.11864406779661017
G:\RP\TIMIT16kHz\TEST\DR3\MHPG0\SX10.WAV	0.21428571428571427
G:\RP\TIMIT16kHz\TEST\DR3\MHPG0\SX100.WAV	0.07692307692307693
G:\RP\TIMIT16kHz\TEST\DR3\MHPG0\SX190.WAV	0.14285714285714285
G:\RP\TIMIT16kHz\TEST\DR3\MHPG0\SX280.WAV	0.2222222222222222
G:\RP\TIMIT16kHz\TEST\DR3\MHPG0\SX370.WAV	0.08333333333333333
G:\RP\TIMIT16kHz\TEST\DR3\MJBR0\SA1.WAV	0.09302325581395349
G:\RP\TIMIT16kHz\TEST\DR3\MJBR0\SA2.WAV	0.09090909090909091
G:\RP\TIMIT16kHz\TEST\DR3\MJBR0\SI1001.WAV	0.07407407407407407
G:\RP\TIMIT16kHz\TEST\DR3\MJBR0\SI1631.WAV	0.09523809523809523
G:\RP\TIMIT16kHz\TEST\DR3\MJBR0\SI2261.WAV	0.041666666666666664
G:\RP\TIMIT16kHz\TEST\DR3\MJBR0\SX101.WAV	0.09803921568627451
G:\RP\TIMIT16kHz\TEST\DR3\MJBR0\SX11.WAV	0.125
G:\RP\TIMIT16kHz\TEST\DR3\MJBR0\SX191.WAV	0.11428571428571428
G:\RP\TIMIT16kHz\TEST\DR3\MJBR0\SX281.WAV	0.0975609756097561
G:\RP\TIMIT16kHz\TEST\DR3\MJBR0\SX371.WAV	0.047619047619047616
G:\RP\TIMIT16kHz\TEST\DR3\MJES0\SA1.WAV	0.1282051282051282
G:\RP\TIMIT16kHz\TEST\DR3\MJES0\SA2.WAV	0.027777777777777776
G:\RP\TIMIT16kHz\TEST\DR3\MJES0\SI1384.WAV	0.1794871794871795
G:\RP\TIMIT16kHz\TEST\DR3\MJES0\SI2014.WAV	0.11666666666666667
G:\RP\TIMIT16kHz\TEST\DR3\MJES0\SI754.WAV	0.16129032258064516
G:\RP\TIMIT16kHz\TEST\DR3\MJES0\SX124.WAV	0.10344827586206896
G:\RP\TIMIT16kHz\TEST\DR3\MJES0\SX214.WAV	0.09523809523809523
G:\RP\TIMIT16kHz\TEST\DR3\MJES0\SX304.WAV	0.11764705882352941
G:\RP\TIMIT16kHz\TEST\DR3\MJES0\SX34.WAV	0.07692307692307693
G:\RP\TIMIT16kHz\TEST\DR3\MJES0\SX394.WAV	0.1724137931034483
G:\RP\TIMIT16kHz\TEST\DR3\MJJG0\SA1.WAV	0.09090909090909091
G:\RP\TIMIT16kHz\TEST\DR3\MJJG0\SA2.WAV	0.075
G:\RP\TIMIT16kHz\TEST\DR3\MJJG0\SI1003.WAV	0.16129032258064516
G:\RP\TIMIT16kHz\TEST\DR3\MJJG0\SI1633.WAV	0.19047619047619047
G:\RP\TIMIT16kHz\TEST\DR3\MJJG0\SI2263.WAV	0.1
G:\RP\TIMIT16kHz\TEST\DR3\MJJG0\SX103.WAV	0.175
G:\RP\TIMIT16kHz\TEST\DR3\MJJG0\SX13.WAV	0.08333333333333333
G:\RP\TIMIT16kHz\TEST\DR3\MJJG0\SX193.WAV	0.13793103448275862
G:\RP\TIMIT16kHz\TEST\DR3\MJJG0\SX283.WAV	0.06
G:\RP\TIMIT16kHz\TEST\DR3\MJJG0\SX373.WAV	0.08571428571428572
G:\RP\TIMIT16kHz\TEST\DR3\MJMP0\SA1.WAV	0.08333333333333333
G:\RP\TIMIT16kHz\TEST\DR3\MJMP0\SA2.WAV	0.12121212121212122
G:\RP\TIMIT16kHz\TEST\DR3\MJMP0\SI1535.WAV	0.06666666666666667
G:\RP\TIMIT16kHz\TEST\DR3\MJMP0\SI1791.WAV	0.05263157894736842
G:\RP\TIMIT16kHz\TEST\DR3\MJMP0\SI905.WAV	0.16666666666666666
G:\RP\TIMIT16kHz\TEST\DR3\MJMP0\SX185.WAV	0.15384615384615385
G:\RP\TIMIT16kHz\TEST\DR3\MJMP0\SX275.WAV	0.1
G:\RP\TIMIT16kHz\TEST\DR3\MJMP0\SX365.WAV	0.0625
G:\RP\TIMIT16kHz\TEST\DR3\MJMP0\SX5.WAV	0.125
G:\RP\TIMIT16kHz\TEST\DR3\MJMP0\SX95.WAV	0.10256410256410256
G:\RP\TIMIT16kHz\TEST\DR3\MJVW0\SA1.WAV	0.2702702702702703
G:\RP\TIMIT16kHz\TEST\DR3\MJVW0\SA2.WAV	0.15151515151515152
G:\RP\TIMIT16kHz\TEST\DR3\MJVW0\SI1733.WAV	0.18333333333333332
G:\RP\TIMIT16kHz\TEST\DR3\MJVW0\SI1758.WAV	0.05
G:\RP\TIMIT16kHz\TEST\DR3\MJVW0\SI473.WAV	0.20512820512820512
G:\RP\TIMIT16kHz\TEST\DR3\MJVW0\SX113.WAV	0.14705882352941177
G:\RP\TIMIT16kHz\TEST\DR3\MJVW0\SX203.WAV	0.03125
G:\RP\TIMIT16kHz\TEST\DR3\MJVW0\SX23.WAV	0.08823529411764706
G:\RP\TIMIT16kHz\TEST\DR3\MJVW0\SX293.WAV	0.13636363636363635
G:\RP\TIMIT16kHz\TEST\DR3\MJVW0\SX383.WAV	0.02702702702702703
G:\RP\TIMIT16kHz\TEST\DR3\MKCH0\SA1.WAV	0.1282051282051282
G:\RP\TIMIT16kHz\TEST\DR3\MKCH0\SA2.WAV	0.05555555555555555
G:\RP\TIMIT16kHz\TEST\DR3\MKCH0\SI1378.WAV	0.08771929824561403
G:\RP\TIMIT16kHz\TEST\DR3\MKCH0\SI1425.WAV	0.0
G:\RP\TIMIT16kHz\TEST\DR3\MKCH0\SI2008.WAV	0.047619047619047616
G:\RP\TIMIT16kHz\TEST\DR3\MKCH0\SX118.WAV	0.08108108108108109
G:\RP\TIMIT16kHz\TEST\DR3\MKCH0\SX208.WAV	0.02857142857142857
G:\RP\TIMIT16kHz\TEST\DR3\MKCH0\SX28.WAV	0.034482758620689655
G:\RP\TIMIT16kHz\TEST\DR3\MKCH0\SX298.WAV	0.11428571428571428
G:\RP\TIMIT16kHz\TEST\DR3\MKCH0\SX388.WAV	0.10638297872340426
G:\RP\TIMIT16kHz\TEST\DR3\MLNT0\SA1.WAV	0.075
G:\RP\TIMIT16kHz\TEST\DR3\MLNT0\SA2.WAV	0.02631578947368421
G:\RP\TIMIT16kHz\TEST\DR3\MLNT0\SI1574.WAV	0.09259259259259259
G:\RP\TIMIT16kHz\TEST\DR3\MLNT0\SI1902.WAV	0.038461538461538464
G:\RP\TIMIT16kHz\TEST\DR3\MLNT0\SI642.WAV	0.10869565217391304
G:\RP\TIMIT16kHz\TEST\DR3\MLNT0\SX102.WAV	0.06
G:\RP\TIMIT16kHz\TEST\DR3\MLNT0\SX12.WAV	0.041666666666666664
G:\RP\TIMIT16kHz\TEST\DR3\MLNT0\SX192.WAV	0.14285714285714285
G:\RP\TIMIT16kHz\TEST\DR3\MLNT0\SX282.WAV	0.09523809523809523
G:\RP\TIMIT16kHz\TEST\DR3\MLNT0\SX372.WAV	0.1
G:\RP\TIMIT16kHz\TEST\DR3\MMAB0\SA1.WAV	0.1
G:\RP\TIMIT16kHz\TEST\DR3\MMAB0\SA2.WAV	0.029411764705882353
G:\RP\TIMIT16kHz\TEST\DR3\MMAB0\SI1362.WAV	0.07142857142857142
G:\RP\TIMIT16kHz\TEST\DR3\MMAB0\SI1992.WAV	0.125
G:\RP\TIMIT16kHz\TEST\DR3\MMAB0\SI732.WAV	0.020833333333333332
G:\RP\TIMIT16kHz\TEST\DR3\MMAB0\SX102.WAV	0.10204081632653061
G:\RP\TIMIT16kHz\TEST\DR3\MMAB0\SX12.WAV	0.04
G:\RP\TIMIT16kHz\TEST\DR3\MMAB0\SX192.WAV	0.10714285714285714
G:\RP\TIMIT16kHz\TEST\DR3\MMAB0\SX282.WAV	0.07317073170731707
G:\RP\TIMIT16kHz\TEST\DR3\MMAB0\SX372.WAV	0.10256410256410256
G:\RP\TIMIT16kHz\TEST\DR3\MMDH0\SA1.WAV	0.047619047619047616
G:\RP\TIMIT16kHz\TEST\DR3\MMDH0\SA2.WAV	0.16666666666666666
G:\RP\TIMIT16kHz\TEST\DR3\MMDH0\SI1656.WAV	0.025
G:\RP\TIMIT16kHz\TEST\DR3\MMDH0\SI2118.WAV	0.07936507936507936
G:\RP\TIMIT16kHz\TEST\DR3\MMDH0\SI2286.WAV	0.06666666666666667
G:\RP\TIMIT16kHz\TEST\DR3\MMDH0\SX126.WAV	0.125
G:\RP\TIMIT16kHz\TEST\DR3\MMDH0\SX216.WAV	0.07142857142857142
G:\RP\TIMIT16kHz\TEST\DR3\MMDH0\SX306.WAV	0.07142857142857142
G:\RP\TIMIT16kHz\TEST\DR3\MMDH0\SX36.WAV	0.10416666666666667
G:\RP\TIMIT16kHz\TEST\DR3\MMDH0\SX396.WAV	0.058823529411764705
G:\RP\TIMIT16kHz\TEST\DR3\MMJR0\SA1.WAV	0.075
G:\RP\TIMIT16kHz\TEST\DR3\MMJR0\SA2.WAV	0.16216216216216217
G:\RP\TIMIT16kHz\TEST\DR3\MMJR0\SI1648.WAV	0.07575757575757576
G:\RP\TIMIT16kHz\TEST\DR3\MMJR0\SI2166.WAV	0.11538461538461539
G:\RP\TIMIT16kHz\TEST\DR3\MMJR0\SI2278.WAV	0.029411764705882353
G:\RP\TIMIT16kHz\TEST\DR3\MMJR0\SX118.WAV	0.05263157894736842
G:\RP\TIMIT16kHz\TEST\DR3\MMJR0\SX208.WAV	0.07692307692307693
G:\RP\TIMIT16kHz\TEST\DR3\MMJR0\SX28.WAV	0.16666666666666666
G:\RP\TIMIT16kHz\TEST\DR3\MMJR0\SX298.WAV	0.02564102564102564
G:\RP\TIMIT16kHz\TEST\DR3\MMJR0\SX388.WAV	0.08163265306122448
G:\RP\TIMIT16kHz\TEST\DR3\MMWH0\SA1.WAV	0.1
G:\RP\TIMIT16kHz\TEST\DR3\MMWH0\SA2.WAV	0.0625
G:\RP\TIMIT16kHz\TEST\DR3\MMWH0\SI1089.WAV	0.08
G:\RP\TIMIT16kHz\TEST\DR3\MMWH0\SI1301.WAV	0.06666666666666667
G:\RP\TIMIT16kHz\TEST\DR3\MMWH0\SI459.WAV	0.06349206349206349
G:\RP\TIMIT16kHz\TEST\DR3\MMWH0\SX189.WAV	0.09090909090909091
G:\RP\TIMIT16kHz\TEST\DR3\MMWH0\SX279.WAV	0.10638297872340426
G:\RP\TIMIT16kHz\TEST\DR3\MMWH0\SX369.WAV	0.22580645161290322
G:\RP\TIMIT16kHz\TEST\DR3\MMWH0\SX9.WAV	0.10526315789473684
G:\RP\TIMIT16kHz\TEST\DR3\MMWH0\SX99.WAV	0.1388888888888889
G:\RP\TIMIT16kHz\TEST\DR3\MRTK0\SA1.WAV	0.07692307692307693
G:\RP\TIMIT16kHz\TEST\DR3\MRTK0\SA2.WAV	0.0625
G:\RP\TIMIT16kHz\TEST\DR3\MRTK0\SI1093.WAV	0.20588235294117646
G:\RP\TIMIT16kHz\TEST\DR3\MRTK0\SI1723.WAV	0.1
G:\RP\TIMIT16kHz\TEST\DR3\MRTK0\SI1750.WAV	0.07017543859649122
G:\RP\TIMIT16kHz\TEST\DR3\MRTK0\SX103.WAV	0.15151515151515152
G:\RP\TIMIT16kHz\TEST\DR3\MRTK0\SX13.WAV	0.125
G:\RP\TIMIT16kHz\TEST\DR3\MRTK0\SX193.WAV	0.12
G:\RP\TIMIT16kHz\TEST\DR3\MRTK0\SX283.WAV	0.13636363636363635
G:\RP\TIMIT16kHz\TEST\DR3\MRTK0\SX373.WAV	0.18181818181818182
G:\RP\TIMIT16kHz\TEST\DR3\MTAA0\SA1.WAV	0.07894736842105263
G:\RP\TIMIT16kHz\TEST\DR3\MTAA0\SA2.WAV	0.15151515151515152
G:\RP\TIMIT16kHz\TEST\DR3\MTAA0\SI1285.WAV	0.17647058823529413
G:\RP\TIMIT16kHz\TEST\DR3\MTAA0\SI1915.WAV	0.08928571428571429
G:\RP\TIMIT16kHz\TEST\DR3\MTAA0\SI596.WAV	0.13636363636363635
G:\RP\TIMIT16kHz\TEST\DR3\MTAA0\SX115.WAV	0.10810810810810811
G:\RP\TIMIT16kHz\TEST\DR3\MTAA0\SX205.WAV	0.13043478260869565
G:\RP\TIMIT16kHz\TEST\DR3\MTAA0\SX25.WAV	0.13636363636363635
G:\RP\TIMIT16kHz\TEST\DR3\MTAA0\SX295.WAV	0.09302325581395349
G:\RP\TIMIT16kHz\TEST\DR3\MTAA0\SX385.WAV	0.06666666666666667
G:\RP\TIMIT16kHz\TEST\DR3\MTDT0\SA1.WAV	0.05128205128205128
G:\RP\TIMIT16kHz\TEST\DR3\MTDT0\SA2.WAV	0.08571428571428572
G:\RP\TIMIT16kHz\TEST\DR3\MTDT0\SI1994.WAV	0.2
G:\RP\TIMIT16kHz\TEST\DR3\MTDT0\SI2254.WAV	0.07407407407407407
G:\RP\TIMIT16kHz\TEST\DR3\MTDT0\SI994.WAV	0.06976744186046512
G:\RP\TIMIT16kHz\TEST\DR3\MTDT0\SX184.WAV	0.10714285714285714
G:\RP\TIMIT16kHz\TEST\DR3\MTDT0\SX274.WAV	0.09090909090909091
G:\RP\TIMIT16kHz\TEST\DR3\MTDT0\SX364.WAV	0.045454545454545456
G:\RP\TIMIT16kHz\TEST\DR3\MTDT0\SX4.WAV	0.0625
G:\RP\TIMIT16kHz\TEST\DR3\MTDT0\SX94.WAV	0.058823529411764705
G:\RP\TIMIT16kHz\TEST\DR3\MTHC0\SA1.WAV	0.0975609756097561
G:\RP\TIMIT16kHz\TEST\DR3\MTHC0\SA2.WAV	0.08571428571428572
G:\RP\TIMIT16kHz\TEST\DR3\MTHC0\SI1015.WAV	0.14285714285714285
G:\RP\TIMIT16kHz\TEST\DR3\MTHC0\SI1645.WAV	0.11904761904761904
G:\RP\TIMIT16kHz\TEST\DR3\MTHC0\SI2275.WAV	0.14285714285714285
G:\RP\TIMIT16kHz\TEST\DR3\MTHC0\SX115.WAV	0.0975609756097561
G:\RP\TIMIT16kHz\TEST\DR3\MTHC0\SX205.WAV	0.09259259259259259
G:\RP\TIMIT16kHz\TEST\DR3\MTHC0\SX25.WAV	0.09090909090909091
G:\RP\TIMIT16kHz\TEST\DR3\MTHC0\SX295.WAV	0.07142857142857142
G:\RP\TIMIT16kHz\TEST\DR3\MTHC0\SX385.WAV	0.06451612903225806
G:\RP\TIMIT16kHz\TEST\DR3\MWJG0\SA1.WAV	0.09523809523809523
G:\RP\TIMIT16kHz\TEST\DR3\MWJG0\SA2.WAV	0.14285714285714285
G:\RP\TIMIT16kHz\TEST\DR3\MWJG0\SI1124.WAV	0.08620689655172414
G:\RP\TIMIT16kHz\TEST\DR3\MWJG0\SI1754.WAV	0.037037037037037035
G:\RP\TIMIT16kHz\TEST\DR3\MWJG0\SI494.WAV	0.03125
G:\RP\TIMIT16kHz\TEST\DR3\MWJG0\SX134.WAV	0.14
G:\RP\TIMIT16kHz\TEST\DR3\MWJG0\SX224.WAV	0.041666666666666664
G:\RP\TIMIT16kHz\TEST\DR3\MWJG0\SX314.WAV	0.1111111111111111
G:\RP\TIMIT16kHz\TEST\DR3\MWJG0\SX404.WAV	0.05128205128205128
G:\RP\TIMIT16kHz\TEST\DR3\MWJG0\SX44.WAV	0.05555555555555555
G:\RP\TIMIT16kHz\TEST\DR4\FADG0\SA1.WAV	0.046511627906976744
G:\RP\TIMIT16kHz\TEST\DR4\FADG0\SA2.WAV	0.05555555555555555
G:\RP\TIMIT16kHz\TEST\DR4\FADG0\SI1279.WAV	0.041666666666666664
G:\RP\TIMIT16kHz\TEST\DR4\FADG0\SI1909.WAV	0.13793103448275862
G:\RP\TIMIT16kHz\TEST\DR4\FADG0\SI649.WAV	0.09523809523809523
G:\RP\TIMIT16kHz\TEST\DR4\FADG0\SX109.WAV	0.0975609756097561
G:\RP\TIMIT16kHz\TEST\DR4\FADG0\SX19.WAV	0.13513513513513514
G:\RP\TIMIT16kHz\TEST\DR4\FADG0\SX199.WAV	0.0
G:\RP\TIMIT16kHz\TEST\DR4\FADG0\SX289.WAV	0.10810810810810811
G:\RP\TIMIT16kHz\TEST\DR4\FADG0\SX379.WAV	0.03225806451612903
G:\RP\TIMIT16kHz\TEST\DR4\FCFT0\SA1.WAV	0.10256410256410256
G:\RP\TIMIT16kHz\TEST\DR4\FCFT0\SA2.WAV	0.03125
G:\RP\TIMIT16kHz\TEST\DR4\FCFT0\SI1178.WAV	0.1
G:\RP\TIMIT16kHz\TEST\DR4\FCFT0\SI1808.WAV	0.11428571428571428
G:\RP\TIMIT16kHz\TEST\DR4\FCFT0\SI548.WAV	0.10526315789473684
G:\RP\TIMIT16kHz\TEST\DR4\FCFT0\SX188.WAV	0.10256410256410256
G:\RP\TIMIT16kHz\TEST\DR4\FCFT0\SX278.WAV	0.09803921568627451
G:\RP\TIMIT16kHz\TEST\DR4\FCFT0\SX368.WAV	0.07407407407407407
G:\RP\TIMIT16kHz\TEST\DR4\FCFT0\SX8.WAV	0.2916666666666667
G:\RP\TIMIT16kHz\TEST\DR4\FCFT0\SX98.WAV	0.037037037037037035
G:\RP\TIMIT16kHz\TEST\DR4\FCRH0\SA1.WAV	0.11904761904761904
G:\RP\TIMIT16kHz\TEST\DR4\FCRH0\SA2.WAV	0.07692307692307693
G:\RP\TIMIT16kHz\TEST\DR4\FCRH0\SI1088.WAV	0.2
G:\RP\TIMIT16kHz\TEST\DR4\FCRH0\SI1718.WAV	0.13636363636363635
G:\RP\TIMIT16kHz\TEST\DR4\FCRH0\SI458.WAV	0.05263157894736842
G:\RP\TIMIT16kHz\TEST\DR4\FCRH0\SX188.WAV	0.2
G:\RP\TIMIT16kHz\TEST\DR4\FCRH0\SX278.WAV	0.09803921568627451
G:\RP\TIMIT16kHz\TEST\DR4\FCRH0\SX368.WAV	0.08928571428571429
G:\RP\TIMIT16kHz\TEST\DR4\FCRH0\SX8.WAV	0.13793103448275862
G:\RP\TIMIT16kHz\TEST\DR4\FCRH0\SX98.WAV	0.15384615384615385
G:\RP\TIMIT16kHz\TEST\DR4\FDMS0\SA1.WAV	0.07692307692307693
G:\RP\TIMIT16kHz\TEST\DR4\FDMS0\SA2.WAV	0.08571428571428572
G:\RP\TIMIT16kHz\TEST\DR4\FDMS0\SI1218.WAV	0.15151515151515152
G:\RP\TIMIT16kHz\TEST\DR4\FDMS0\SI1502.WAV	0.08771929824561403
G:\RP\TIMIT16kHz\TEST\DR4\FDMS0\SI1848.WAV	0.17142857142857143
G:\RP\TIMIT16kHz\TEST\DR4\FDMS0\SX138.WAV	0.022727272727272728
G:\RP\TIMIT16kHz\TEST\DR4\FDMS0\SX228.WAV	0.038461538461538464
G:\RP\TIMIT16kHz\TEST\DR4\FDMS0\SX318.WAV	0.029411764705882353
G:\RP\TIMIT16kHz\TEST\DR4\FDMS0\SX408.WAV	0.10526315789473684
G:\RP\TIMIT16kHz\TEST\DR4\FDMS0\SX48.WAV	0.10256410256410256
G:\RP\TIMIT16kHz\TEST\DR4\FEDW0\SA1.WAV	0.12195121951219512
G:\RP\TIMIT16kHz\TEST\DR4\FEDW0\SA2.WAV	0.11428571428571428
G:\RP\TIMIT16kHz\TEST\DR4\FEDW0\SI1084.WAV	0.17307692307692307
G:\RP\TIMIT16kHz\TEST\DR4\FEDW0\SI1653.WAV	0.125
G:\RP\TIMIT16kHz\TEST\DR4\FEDW0\SI1714.WAV	0.12121212121212122
G:\RP\TIMIT16kHz\TEST\DR4\FEDW0\SX184.WAV	0.23333333333333334
G:\RP\TIMIT16kHz\TEST\DR4\FEDW0\SX274.WAV	0.09090909090909091
G:\RP\TIMIT16kHz\TEST\DR4\FEDW0\SX364.WAV	0.08955223880597014
G:\RP\TIMIT16kHz\TEST\DR4\FEDW0\SX4.WAV	0.06666666666666667
G:\RP\TIMIT16kHz\TEST\DR4\FEDW0\SX94.WAV	0.1111111111111111
G:\RP\TIMIT16kHz\TEST\DR4\FGJD0\SA1.WAV	0.047619047619047616
G:\RP\TIMIT16kHz\TEST\DR4\FGJD0\SA2.WAV	0.0
G:\RP\TIMIT16kHz\TEST\DR4\FGJD0\SI1179.WAV	0.045454545454545456
G:\RP\TIMIT16kHz\TEST\DR4\FGJD0\SI549.WAV	0.0967741935483871
G:\RP\TIMIT16kHz\TEST\DR4\FGJD0\SI818.WAV	0.13043478260869565
G:\RP\TIMIT16kHz\TEST\DR4\FGJD0\SX189.WAV	0.14285714285714285
G:\RP\TIMIT16kHz\TEST\DR4\FGJD0\SX279.WAV	0.19148936170212766
G:\RP\TIMIT16kHz\TEST\DR4\FGJD0\SX369.WAV	0.2
G:\RP\TIMIT16kHz\TEST\DR4\FGJD0\SX9.WAV	0.045454545454545456
G:\RP\TIMIT16kHz\TEST\DR4\FGJD0\SX99.WAV	0.1388888888888889
G:\RP\TIMIT16kHz\TEST\DR4\FJLM0\SA1.WAV	0.09302325581395349
G:\RP\TIMIT16kHz\TEST\DR4\FJLM0\SA2.WAV	0.1111111111111111
G:\RP\TIMIT16kHz\TEST\DR4\FJLM0\SI1043.WAV	0.10256410256410256
G:\RP\TIMIT16kHz\TEST\DR4\FJLM0\SI1673.WAV	0.13513513513513514
G:\RP\TIMIT16kHz\TEST\DR4\FJLM0\SI2303.WAV	0.045454545454545456
G:\RP\TIMIT16kHz\TEST\DR4\FJLM0\SX143.WAV	0.07142857142857142
G:\RP\TIMIT16kHz\TEST\DR4\FJLM0\SX233.WAV	0.28
G:\RP\TIMIT16kHz\TEST\DR4\FJLM0\SX323.WAV	0.14705882352941177
G:\RP\TIMIT16kHz\TEST\DR4\FJLM0\SX413.WAV	0.10869565217391304
G:\RP\TIMIT16kHz\TEST\DR4\FJLM0\SX53.WAV	0.13636363636363635
G:\RP\TIMIT16kHz\TEST\DR4\FJMG0\SA1.WAV	0.125
G:\RP\TIMIT16kHz\TEST\DR4\FJMG0\SA2.WAV	0.11428571428571428
G:\RP\TIMIT16kHz\TEST\DR4\FJMG0\SI1181.WAV	0.1774193548387097
G:\RP\TIMIT16kHz\TEST\DR4\FJMG0\SI1811.WAV	0.13513513513513514
G:\RP\TIMIT16kHz\TEST\DR4\FJMG0\SI551.WAV	0.16216216216216217
G:\RP\TIMIT16kHz\TEST\DR4\FJMG0\SX101.WAV	0.11320754716981132
G:\RP\TIMIT16kHz\TEST\DR4\FJMG0\SX11.WAV	0.2777777777777778
G:\RP\TIMIT16kHz\TEST\DR4\FJMG0\SX191.WAV	0.058823529411764705
G:\RP\TIMIT16kHz\TEST\DR4\FJMG0\SX281.WAV	0.04878048780487805
G:\RP\TIMIT16kHz\TEST\DR4\FJMG0\SX371.WAV	0.19047619047619047
G:\RP\TIMIT16kHz\TEST\DR4\FLBW0\SA1.WAV	0.0975609756097561
G:\RP\TIMIT16kHz\TEST\DR4\FLBW0\SA2.WAV	0.0
G:\RP\TIMIT16kHz\TEST\DR4\FLBW0\SI1219.WAV	0.09523809523809523
G:\RP\TIMIT16kHz\TEST\DR4\FLBW0\SI1849.WAV	0.07894736842105263
G:\RP\TIMIT16kHz\TEST\DR4\FLBW0\SI2253.WAV	0.14285714285714285
G:\RP\TIMIT16kHz\TEST\DR4\FLBW0\SX139.WAV	0.09302325581395349
G:\RP\TIMIT16kHz\TEST\DR4\FLBW0\SX229.WAV	0.125
G:\RP\TIMIT16kHz\TEST\DR4\FLBW0\SX319.WAV	0.02702702702702703
G:\RP\TIMIT16kHz\TEST\DR4\FLBW0\SX409.WAV	0.0784313725490196
G:\RP\TIMIT16kHz\TEST\DR4\FLBW0\SX49.WAV	0.1111111111111111
G:\RP\TIMIT16kHz\TEST\DR4\FLKD0\SA1.WAV	0.1794871794871795
G:\RP\TIMIT16kHz\TEST\DR4\FLKD0\SA2.WAV	0.15151515151515152
G:\RP\TIMIT16kHz\TEST\DR4\FLKD0\SI1369.WAV	0.11428571428571428
G:\RP\TIMIT16kHz\TEST\DR4\FLKD0\SI739.WAV	0.0
G:\RP\TIMIT16kHz\TEST\DR4\FLKD0\SI894.WAV	0.14285714285714285
G:\RP\TIMIT16kHz\TEST\DR4\FLKD0\SX109.WAV	0.07317073170731707
G:\RP\TIMIT16kHz\TEST\DR4\FLKD0\SX19.WAV	0.21052631578947367
G:\RP\TIMIT16kHz\TEST\DR4\FLKD0\SX199.WAV	0.11320754716981132
G:\RP\TIMIT16kHz\TEST\DR4\FLKD0\SX289.WAV	0.0
G:\RP\TIMIT16kHz\TEST\DR4\FLKD0\SX379.WAV	0.0
G:\RP\TIMIT16kHz\TEST\DR4\FMAF0\SA1.WAV	0.047619047619047616
G:\RP\TIMIT16kHz\TEST\DR4\FMAF0\SA2.WAV	0.029411764705882353
G:\RP\TIMIT16kHz\TEST\DR4\FMAF0\SI1459.WAV	0.0
G:\RP\TIMIT16kHz\TEST\DR4\FMAF0\SI2089.WAV	0.08333333333333333
G:\RP\TIMIT16kHz\TEST\DR4\FMAF0\SI829.WAV	0.11428571428571428
G:\RP\TIMIT16kHz\TEST\DR4\FMAF0\SX109.WAV	0.05
G:\RP\TIMIT16kHz\TEST\DR4\FMAF0\SX19.WAV	0.1891891891891892
G:\RP\TIMIT16kHz\TEST\DR4\FMAF0\SX199.WAV	0.05660377358490566
G:\RP\TIMIT16kHz\TEST\DR4\FMAF0\SX289.WAV	0.0
G:\RP\TIMIT16kHz\TEST\DR4\FMAF0\SX379.WAV	0.0967741935483871
G:\RP\TIMIT16kHz\TEST\DR4\FMCM0\SA1.WAV	0.18604651162790697
G:\RP\TIMIT16kHz\TEST\DR4\FMCM0\SA2.WAV	0.08823529411764706
G:\RP\TIMIT16kHz\TEST\DR4\FMCM0\SI1180.WAV	0.109375
G:\RP\TIMIT16kHz\TEST\DR4\FMCM0\SI1810.WAV	0.09090909090909091
G:\RP\TIMIT16kHz\TEST\DR4\FMCM0\SI550.WAV	0.08196721311475409
G:\RP\TIMIT16kHz\TEST\DR4\FMCM0\SX10.WAV	0.17857142857142858
G:\RP\TIMIT16kHz\TEST\DR4\FMCM0\SX100.WAV	0.07692307692307693
G:\RP\TIMIT16kHz\TEST\DR4\FMCM0\SX190.WAV	0.03571428571428571
G:\RP\TIMIT16kHz\TEST\DR4\FMCM0\SX280.WAV	0.05
G:\RP\TIMIT16kHz\TEST\DR4\FMCM0\SX370.WAV	0.05405405405405406
G:\RP\TIMIT16kHz\TEST\DR4\FNMR0\SA1.WAV	0.047619047619047616
G:\RP\TIMIT16kHz\TEST\DR4\FNMR0\SA2.WAV	0.08108108108108109
G:\RP\TIMIT16kHz\TEST\DR4\FNMR0\SI1399.WAV	0.15625
G:\RP\TIMIT16kHz\TEST\DR4\FNMR0\SI2029.WAV	0.037037037037037035
G:\RP\TIMIT16kHz\TEST\DR4\FNMR0\SI769.WAV	0.06451612903225806
G:\RP\TIMIT16kHz\TEST\DR4\FNMR0\SX139.WAV	0.11627906976744186
G:\RP\TIMIT16kHz\TEST\DR4\FNMR0\SX229.WAV	0.2
G:\RP\TIMIT16kHz\TEST\DR4\FNMR0\SX319.WAV	0.05
G:\RP\TIMIT16kHz\TEST\DR4\FNMR0\SX409.WAV	0.10204081632653061
G:\RP\TIMIT16kHz\TEST\DR4\FNMR0\SX49.WAV	0.10526315789473684
G:\RP\TIMIT16kHz\TEST\DR4\FREW0\SA1.WAV	0.1
G:\RP\TIMIT16kHz\TEST\DR4\FREW0\SA2.WAV	0.15625
G:\RP\TIMIT16kHz\TEST\DR4\FREW0\SI1030.WAV	0.047619047619047616
G:\RP\TIMIT16kHz\TEST\DR4\FREW0\SI1280.WAV	0.2
G:\RP\TIMIT16kHz\TEST\DR4\FREW0\SI1910.WAV	0.12121212121212122
G:\RP\TIMIT16kHz\TEST\DR4\FREW0\SX110.WAV	0.12195121951219512
G:\RP\TIMIT16kHz\TEST\DR4\FREW0\SX20.WAV	0.11538461538461539
G:\RP\TIMIT16kHz\TEST\DR4\FREW0\SX200.WAV	0.10526315789473684
G:\RP\TIMIT16kHz\TEST\DR4\FREW0\SX290.WAV	0.17307692307692307
G:\RP\TIMIT16kHz\TEST\DR4\FREW0\SX380.WAV	0.034482758620689655
G:\RP\TIMIT16kHz\TEST\DR4\FRNG0\SA1.WAV	0.14285714285714285
G:\RP\TIMIT16kHz\TEST\DR4\FRNG0\SA2.WAV	0.15625
G:\RP\TIMIT16kHz\TEST\DR4\FRNG0\SI1355.WAV	0.07317073170731707
G:\RP\TIMIT16kHz\TEST\DR4\FRNG0\SI1985.WAV	0.07142857142857142
G:\RP\TIMIT16kHz\TEST\DR4\FRNG0\SI725.WAV	0.140625
G:\RP\TIMIT16kHz\TEST\DR4\FRNG0\SX185.WAV	0.034482758620689655
G:\RP\TIMIT16kHz\TEST\DR4\FRNG0\SX275.WAV	0.125
G:\RP\TIMIT16kHz\TEST\DR4\FRNG0\SX365.WAV	0.058823529411764705
G:\RP\TIMIT16kHz\TEST\DR4\FRNG0\SX5.WAV	0.05263157894736842
G:\RP\TIMIT16kHz\TEST\DR4\FRNG0\SX95.WAV	0.11904761904761904
G:\RP\TIMIT16kHz\TEST\DR4\FSEM0\SA1.WAV	0.13157894736842105
G:\RP\TIMIT16kHz\TEST\DR4\FSEM0\SA2.WAV	0.09375
G:\RP\TIMIT16kHz\TEST\DR4\FSEM0\SI1198.WAV	0.21052631578947367
G:\RP\TIMIT16kHz\TEST\DR4\FSEM0\SI1828.WAV	0.1320754716981132
G:\RP\TIMIT16kHz\TEST\DR4\FSEM0\SI568.WAV	0.13636363636363635
G:\RP\TIMIT16kHz\TEST\DR4\FSEM0\SX118.WAV	0.10810810810810811
G:\RP\TIMIT16kHz\TEST\DR4\FSEM0\SX208.WAV	0.07894736842105263
G:\RP\TIMIT16kHz\TEST\DR4\FSEM0\SX28.WAV	0.20689655172413793
G:\RP\TIMIT16kHz\TEST\DR4\FSEM0\SX298.WAV	0.19444444444444445
G:\RP\TIMIT16kHz\TEST\DR4\FSEM0\SX388.WAV	0.20408163265306123
G:\RP\TIMIT16kHz\TEST\DR4\MBNS0\SA1.WAV	0.07317073170731707
G:\RP\TIMIT16kHz\TEST\DR4\MBNS0\SA2.WAV	0.11764705882352941
G:\RP\TIMIT16kHz\TEST\DR4\MBNS0\SI1220.WAV	0.08333333333333333
G:\RP\TIMIT16kHz\TEST\DR4\MBNS0\SI1850.WAV	0.13636363636363635
G:\RP\TIMIT16kHz\TEST\DR4\MBNS0\SI590.WAV	0.07272727272727272
G:\RP\TIMIT16kHz\TEST\DR4\MBNS0\SX140.WAV	0.08163265306122448
G:\RP\TIMIT16kHz\TEST\DR4\MBNS0\SX230.WAV	0.0625
G:\RP\TIMIT16kHz\TEST\DR4\MBNS0\SX320.WAV	0.18604651162790697
G:\RP\TIMIT16kHz\TEST\DR4\MBNS0\SX410.WAV	0.030303030303030304
G:\RP\TIMIT16kHz\TEST\DR4\MBNS0\SX50.WAV	0.13043478260869565
G:\RP\TIMIT16kHz\TEST\DR4\MDLS0\SA1.WAV	0.1
G:\RP\TIMIT16kHz\TEST\DR4\MDLS0\SA2.WAV	0.0625
G:\RP\TIMIT16kHz\TEST\DR4\MDLS0\SI1628.WAV	0.11363636363636363
G:\RP\TIMIT16kHz\TEST\DR4\MDLS0\SI2258.WAV	0.11764705882352941
G:\RP\TIMIT16kHz\TEST\DR4\MDLS0\SI998.WAV	0.0
G:\RP\TIMIT16kHz\TEST\DR4\MDLS0\SX188.WAV	0.10810810810810811
G:\RP\TIMIT16kHz\TEST\DR4\MDLS0\SX278.WAV	0.10204081632653061
G:\RP\TIMIT16kHz\TEST\DR4\MDLS0\SX368.WAV	0.05454545454545454
G:\RP\TIMIT16kHz\TEST\DR4\MDLS0\SX8.WAV	0.08333333333333333
G:\RP\TIMIT16kHz\TEST\DR4\MDLS0\SX98.WAV	0.07407407407407407
G:\RP\TIMIT16kHz\TEST\DR4\MDRM0\SA1.WAV	0.05263157894736842
G:\RP\TIMIT16kHz\TEST\DR4\MDRM0\SA2.WAV	0.08333333333333333
G:\RP\TIMIT16kHz\TEST\DR4\MDRM0\SI1013.WAV	0.11475409836065574
G:\RP\TIMIT16kHz\TEST\DR4\MDRM0\SI1643.WAV	0.14285714285714285
G:\RP\TIMIT16kHz\TEST\DR4\MDRM0\SI2273.WAV	0.18181818181818182
G:\RP\TIMIT16kHz\TEST\DR4\MDRM0\SX113.WAV	0.13157894736842105
G:\RP\TIMIT16kHz\TEST\DR4\MDRM0\SX203.WAV	0.11428571428571428
G:\RP\TIMIT16kHz\TEST\DR4\MDRM0\SX23.WAV	0.13333333333333333
G:\RP\TIMIT16kHz\TEST\DR4\MDRM0\SX293.WAV	0.022222222222222223
G:\RP\TIMIT16kHz\TEST\DR4\MDRM0\SX383.WAV	0.1388888888888889
G:\RP\TIMIT16kHz\TEST\DR4\MGMM0\SA1.WAV	0.10526315789473684
G:\RP\TIMIT16kHz\TEST\DR4\MGMM0\SA2.WAV	0.05555555555555555
G:\RP\TIMIT16kHz\TEST\DR4\MGMM0\SI1129.WAV	0.07936507936507936
G:\RP\TIMIT16kHz\TEST\DR4\MGMM0\SI1759.WAV	0.06896551724137931
G:\RP\TIMIT16kHz\TEST\DR4\MGMM0\SI499.WAV	0.13513513513513514
G:\RP\TIMIT16kHz\TEST\DR4\MGMM0\SX139.WAV	0.06976744186046512
G:\RP\TIMIT16kHz\TEST\DR4\MGMM0\SX229.WAV	0.04
G:\RP\TIMIT16kHz\TEST\DR4\MGMM0\SX319.WAV	0.1111111111111111
G:\RP\TIMIT16kHz\TEST\DR4\MGMM0\SX409.WAV	0.23404255319148937
G:\RP\TIMIT16kHz\TEST\DR4\MGMM0\SX49.WAV	0.07894736842105263
G:\RP\TIMIT16kHz\TEST\DR4\MJDM1\SA1.WAV	0.05263157894736842
G:\RP\TIMIT16kHz\TEST\DR4\MJDM1\SA2.WAV	0.13333333333333333
G:\RP\TIMIT16kHz\TEST\DR4\MJDM1\SI1085.WAV	0.13043478260869565
G:\RP\TIMIT16kHz\TEST\DR4\MJDM1\SI1715.WAV	0.061224489795918366
G:\RP\TIMIT16kHz\TEST\DR4\MJDM1\SI455.WAV	0.3125
G:\RP\TIMIT16kHz\TEST\DR4\MJDM1\SX185.WAV	0.09090909090909091
G:\RP\TIMIT16kHz\TEST\DR4\MJDM1\SX275.WAV	0.0
G:\RP\TIMIT16kHz\TEST\DR4\MJDM1\SX365.WAV	0.1276595744680851
G:\RP\TIMIT16kHz\TEST\DR4\MJDM1\SX5.WAV	0.125
G:\RP\TIMIT16kHz\TEST\DR4\MJDM1\SX95.WAV	0.08108108108108109
G:\RP\TIMIT16kHz\TEST\DR4\MJRF0\SA1.WAV	0.10526315789473684
G:\RP\TIMIT16kHz\TEST\DR4\MJRF0\SA2.WAV	0.030303030303030304
G:\RP\TIMIT16kHz\TEST\DR4\MJRF0\SI1114.WAV	0.0625
G:\RP\TIMIT16kHz\TEST\DR4\MJRF0\SI2081.WAV	0.18
G:\RP\TIMIT16kHz\TEST\DR4\MJRF0\SI821.WAV	0.06896551724137931
G:\RP\TIMIT16kHz\TEST\DR4\MJRF0\SX101.WAV	0.11320754716981132
G:\RP\TIMIT16kHz\TEST\DR4\MJRF0\SX11.WAV	0.17647058823529413
G:\RP\TIMIT16kHz\TEST\DR4\MJRF0\SX191.WAV	0.08571428571428572
G:\RP\TIMIT16kHz\TEST\DR4\MJRF0\SX281.WAV	0.025
G:\RP\TIMIT16kHz\TEST\DR4\MJRF0\SX371.WAV	0.0975609756097561
G:\RP\TIMIT16kHz\TEST\DR4\MKCL0\SA1.WAV	0.05
G:\RP\TIMIT16kHz\TEST\DR4\MKCL0\SA2.WAV	0.15625
G:\RP\TIMIT16kHz\TEST\DR4\MKCL0\SI1091.WAV	0.11666666666666667
G:\RP\TIMIT16kHz\TEST\DR4\MKCL0\SI1721.WAV	0.0
G:\RP\TIMIT16kHz\TEST\DR4\MKCL0\SI461.WAV	0.0
G:\RP\TIMIT16kHz\TEST\DR4\MKCL0\SX101.WAV	0.018518518518518517
G:\RP\TIMIT16kHz\TEST\DR4\MKCL0\SX11.WAV	0.125
G:\RP\TIMIT16kHz\TEST\DR4\MKCL0\SX191.WAV	0.06060606060606061
G:\RP\TIMIT16kHz\TEST\DR4\MKCL0\SX281.WAV	0.07692307692307693
G:\RP\TIMIT16kHz\TEST\DR4\MKCL0\SX371.WAV	0.0
G:\RP\TIMIT16kHz\TEST\DR4\MLJB0\SA1.WAV	0.075
G:\RP\TIMIT16kHz\TEST\DR4\MLJB0\SA2.WAV	0.1935483870967742
G:\RP\TIMIT16kHz\TEST\DR4\MLJB0\SI1310.WAV	0.1282051282051282
G:\RP\TIMIT16kHz\TEST\DR4\MLJB0\SI1940.WAV	0.125
G:\RP\TIMIT16kHz\TEST\DR4\MLJB0\SI680.WAV	0.109375
G:\RP\TIMIT16kHz\TEST\DR4\MLJB0\SX140.WAV	0.06521739130434782
G:\RP\TIMIT16kHz\TEST\DR4\MLJB0\SX230.WAV	0.32142857142857145
G:\RP\TIMIT16kHz\TEST\DR4\MLJB0\SX320.WAV	0.24390243902439024
G:\RP\TIMIT16kHz\TEST\DR4\MLJB0\SX410.WAV	0.125
G:\RP\TIMIT16kHz\TEST\DR4\MLJB0\SX50.WAV	0.18181818181818182
G:\RP\TIMIT16kHz\TEST\DR4\MLLL0\SA1.WAV	0.09523809523809523
G:\RP\TIMIT16kHz\TEST\DR4\MLLL0\SA2.WAV	0.029411764705882353
G:\RP\TIMIT16kHz\TEST\DR4\MLLL0\SI1363.WAV	0.14545454545454545
G:\RP\TIMIT16kHz\TEST\DR4\MLLL0\SI1993.WAV	0.0
G:\RP\TIMIT16kHz\TEST\DR4\MLLL0\SI733.WAV	0.20512820512820512
G:\RP\TIMIT16kHz\TEST\DR4\MLLL0\SX103.WAV	0.14285714285714285
G:\RP\TIMIT16kHz\TEST\DR4\MLLL0\SX13.WAV	0.12
G:\RP\TIMIT16kHz\TEST\DR4\MLLL0\SX193.WAV	0.11538461538461539
G:\RP\TIMIT16kHz\TEST\DR4\MLLL0\SX283.WAV	0.16326530612244897
G:\RP\TIMIT16kHz\TEST\DR4\MLLL0\SX373.WAV	0.15151515151515152
G:\RP\TIMIT16kHz\TEST\DR4\MPCS0\SA1.WAV	0.08108108108108109
G:\RP\TIMIT16kHz\TEST\DR4\MPCS0\SA2.WAV	0.0625
G:\RP\TIMIT16kHz\TEST\DR4\MPCS0\SI1359.WAV	0.11290322580645161
G:\RP\TIMIT16kHz\TEST\DR4\MPCS0\SI1989.WAV	0.05555555555555555
G:\RP\TIMIT16kHz\TEST\DR4\MPCS0\SI729.WAV	0.08928571428571429
G:\RP\TIMIT16kHz\TEST\DR4\MPCS0\SX189.WAV	0.12903225806451613
G:\RP\TIMIT16kHz\TEST\DR4\MPCS0\SX279.WAV	0.0425531914893617
G:\RP\TIMIT16kHz\TEST\DR4\MPCS0\SX369.WAV	0.07407407407407407
G:\RP\TIMIT16kHz\TEST\DR4\MPCS0\SX9.WAV	0.05263157894736842
G:\RP\TIMIT16kHz\TEST\DR4\MPCS0\SX99.WAV	0.12121212121212122
G:\RP\TIMIT16kHz\TEST\DR4\MPLB0\SA1.WAV	0.1794871794871795
G:\RP\TIMIT16kHz\TEST\DR4\MPLB0\SA2.WAV	0.08333333333333333
G:\RP\TIMIT16kHz\TEST\DR4\MPLB0\SI1394.WAV	0.1111111111111111
G:\RP\TIMIT16kHz\TEST\DR4\MPLB0\SI2024.WAV	0.0
G:\RP\TIMIT16kHz\TEST\DR4\MPLB0\SI764.WAV	0.08955223880597014
G:\RP\TIMIT16kHz\TEST\DR4\MPLB0\SX134.WAV	0.09803921568627451
G:\RP\TIMIT16kHz\TEST\DR4\MPLB0\SX224.WAV	0.2
G:\RP\TIMIT16kHz\TEST\DR4\MPLB0\SX314.WAV	0.0625
G:\RP\TIMIT16kHz\TEST\DR4\MPLB0\SX404.WAV	0.08108108108108109
G:\RP\TIMIT16kHz\TEST\DR4\MPLB0\SX44.WAV	0.10526315789473684
G:\RP\TIMIT16kHz\TEST\DR4\MPWM0\SA1.WAV	0.125
G:\RP\TIMIT16kHz\TEST\DR4\MPWM0\SA2.WAV	0.08823529411764706
G:\RP\TIMIT16kHz\TEST\DR4\MPWM0\SI1127.WAV	0.04
G:\RP\TIMIT16kHz\TEST\DR4\MPWM0\SI1757.WAV	0.10526315789473684
G:\RP\TIMIT16kHz\TEST\DR4\MPWM0\SI2279.WAV	0.18181818181818182
G:\RP\TIMIT16kHz\TEST\DR4\MPWM0\SX137.WAV	0.10638297872340426
G:\RP\TIMIT16kHz\TEST\DR4\MPWM0\SX227.WAV	0.1111111111111111
G:\RP\TIMIT16kHz\TEST\DR4\MPWM0\SX317.WAV	0.21052631578947367
G:\RP\TIMIT16kHz\TEST\DR4\MPWM0\SX407.WAV	0.030303030303030304
G:\RP\TIMIT16kHz\TEST\DR4\MPWM0\SX47.WAV	0.125
G:\RP\TIMIT16kHz\TEST\DR4\MRKO0\SA1.WAV	0.18421052631578946
G:\RP\TIMIT16kHz\TEST\DR4\MRKO0\SA2.WAV	0.1875
G:\RP\TIMIT16kHz\TEST\DR4\MRKO0\SI1397.WAV	0.13157894736842105
G:\RP\TIMIT16kHz\TEST\DR4\MRKO0\SI2027.WAV	0.13157894736842105
G:\RP\TIMIT16kHz\TEST\DR4\MRKO0\SI767.WAV	0.11363636363636363
G:\RP\TIMIT16kHz\TEST\DR4\MRKO0\SX137.WAV	0.16
G:\RP\TIMIT16kHz\TEST\DR4\MRKO0\SX227.WAV	0.2222222222222222
G:\RP\TIMIT16kHz\TEST\DR4\MRKO0\SX317.WAV	0.22857142857142856
G:\RP\TIMIT16kHz\TEST\DR4\MRKO0\SX407.WAV	0.05405405405405406
G:\RP\TIMIT16kHz\TEST\DR4\MRKO0\SX47.WAV	0.13333333333333333
G:\RP\TIMIT16kHz\TEST\DR4\MROA0\SA1.WAV	0.025
G:\RP\TIMIT16kHz\TEST\DR4\MROA0\SA2.WAV	0.12121212121212122
G:\RP\TIMIT16kHz\TEST\DR4\MROA0\SI1307.WAV	0.125
G:\RP\TIMIT16kHz\TEST\DR4\MROA0\SI1970.WAV	0.16666666666666666
G:\RP\TIMIT16kHz\TEST\DR4\MROA0\SI677.WAV	0.12121212121212122
G:\RP\TIMIT16kHz\TEST\DR4\MROA0\SX137.WAV	0.08888888888888889
G:\RP\TIMIT16kHz\TEST\DR4\MROA0\SX227.WAV	0.1724137931034483
G:\RP\TIMIT16kHz\TEST\DR4\MROA0\SX317.WAV	0.1891891891891892
G:\RP\TIMIT16kHz\TEST\DR4\MROA0\SX407.WAV	0.1111111111111111
G:\RP\TIMIT16kHz\TEST\DR4\MROA0\SX47.WAV	0.09375
G:\RP\TIMIT16kHz\TEST\DR4\MTEB0\SA1.WAV	0.1
G:\RP\TIMIT16kHz\TEST\DR4\MTEB0\SA2.WAV	0.15151515151515152
G:\RP\TIMIT16kHz\TEST\DR4\MTEB0\SI1133.WAV	0.0
G:\RP\TIMIT16kHz\TEST\DR4\MTEB0\SI2064.WAV	0.14285714285714285
G:\RP\TIMIT16kHz\TEST\DR4\MTEB0\SI503.WAV	0.05
G:\RP\TIMIT16kHz\TEST\DR4\MTEB0\SX143.WAV	0.0975609756097561
G:\RP\TIMIT16kHz\TEST\DR4\MTEB0\SX233.WAV	0.20833333333333334
G:\RP\TIMIT16kHz\TEST\DR4\MTEB0\SX323.WAV	0.15151515151515152
G:\RP\TIMIT16kHz\TEST\DR4\MTEB0\SX413.WAV	0.17777777777777778
G:\RP\TIMIT16kHz\TEST\DR4\MTEB0\SX53.WAV	0.14634146341463414
G:\RP\TIMIT16kHz\TEST\DR4\MTLS0\SA1.WAV	0.0975609756097561
G:\RP\TIMIT16kHz\TEST\DR4\MTLS0\SA2.WAV	0.18181818181818182
G:\RP\TIMIT16kHz\TEST\DR4\MTLS0\SI1370.WAV	0.15254237288135594
G:\RP\TIMIT16kHz\TEST\DR4\MTLS0\SI2000.WAV	0.1794871794871795
G:\RP\TIMIT16kHz\TEST\DR4\MTLS0\SI740.WAV	0.1111111111111111
G:\RP\TIMIT16kHz\TEST\DR4\MTLS0\SX110.WAV	0.1111111111111111
G:\RP\TIMIT16kHz\TEST\DR4\MTLS0\SX20.WAV	0.10714285714285714
G:\RP\TIMIT16kHz\TEST\DR4\MTLS0\SX200.WAV	0.07692307692307693
G:\RP\TIMIT16kHz\TEST\DR4\MTLS0\SX290.WAV	0.14893617021276595
G:\RP\TIMIT16kHz\TEST\DR4\MTLS0\SX380.WAV	0.034482758620689655
G:\RP\TIMIT16kHz\TEST\DR5\FASW0\SA1.WAV	0.09302325581395349
G:\RP\TIMIT16kHz\TEST\DR5\FASW0\SA2.WAV	0.1111111111111111
G:\RP\TIMIT16kHz\TEST\DR5\FASW0\SI1550.WAV	0.06896551724137931
G:\RP\TIMIT16kHz\TEST\DR5\FASW0\SI2180.WAV	0.1282051282051282
G:\RP\TIMIT16kHz\TEST\DR5\FASW0\SI920.WAV	0.09375
G:\RP\TIMIT16kHz\TEST\DR5\FASW0\SX110.WAV	0.16666666666666666
G:\RP\TIMIT16kHz\TEST\DR5\FASW0\SX20.WAV	0.14285714285714285
G:\RP\TIMIT16kHz\TEST\DR5\FASW0\SX200.WAV	0.09523809523809523
G:\RP\TIMIT16kHz\TEST\DR5\FASW0\SX290.WAV	0.2
G:\RP\TIMIT16kHz\TEST\DR5\FASW0\SX380.WAV	0.1
G:\RP\TIMIT16kHz\TEST\DR5\FAWF0\SA1.WAV	0.05263157894736842
G:\RP\TIMIT16kHz\TEST\DR5\FAWF0\SA2.WAV	0.1111111111111111
G:\RP\TIMIT16kHz\TEST\DR5\FAWF0\SI1000.WAV	0.0967741935483871
G:\RP\TIMIT16kHz\TEST\DR5\FAWF0\SI1630.WAV	0.07692307692307693
G:\RP\TIMIT16kHz\TEST\DR5\FAWF0\SI2260.WAV	0.1095890410958904
G:\RP\TIMIT16kHz\TEST\DR5\FAWF0\SX10.WAV	0.22580645161290322
G:\RP\TIMIT16kHz\TEST\DR5\FAWF0\SX100.WAV	0.12195121951219512
G:\RP\TIMIT16kHz\TEST\DR5\FAWF0\SX190.WAV	0.13793103448275862
G:\RP\TIMIT16kHz\TEST\DR5\FAWF0\SX280.WAV	0.2222222222222222
G:\RP\TIMIT16kHz\TEST\DR5\FAWF0\SX370.WAV	0.08571428571428572
G:\RP\TIMIT16kHz\TEST\DR5\FCAL1\SA1.WAV	0.05128205128205128
G:\RP\TIMIT16kHz\TEST\DR5\FCAL1\SA2.WAV	0.08823529411764706
G:\RP\TIMIT16kHz\TEST\DR5\FCAL1\SI1403.WAV	0.14035087719298245
G:\RP\TIMIT16kHz\TEST\DR5\FCAL1\SI2033.WAV	0.15384615384615385
G:\RP\TIMIT16kHz\TEST\DR5\FCAL1\SI773.WAV	0.0
G:\RP\TIMIT16kHz\TEST\DR5\FCAL1\SX143.WAV	0.1282051282051282
G:\RP\TIMIT16kHz\TEST\DR5\FCAL1\SX233.WAV	0.08
G:\RP\TIMIT16kHz\TEST\DR5\FCAL1\SX323.WAV	0.125
G:\RP\TIMIT16kHz\TEST\DR5\FCAL1\SX413.WAV	0.08888888888888889
G:\RP\TIMIT16kHz\TEST\DR5\FCAL1\SX53.WAV	0.0975609756097561
G:\RP\TIMIT16kHz\TEST\DR5\FGMD0\SA1.WAV	0.02631578947368421
G:\RP\TIMIT16kHz\TEST\DR5\FGMD0\SA2.WAV	0.03125
G:\RP\TIMIT16kHz\TEST\DR5\FGMD0\SI1943.WAV	0.12244897959183673
G:\RP\TIMIT16kHz\TEST\DR5\FGMD0\SI2107.WAV	0.21739130434782608
G:\RP\TIMIT16kHz\TEST\DR5\FGMD0\SI683.WAV	0.06976744186046512
G:\RP\TIMIT16kHz\TEST\DR5\FGMD0\SX143.WAV	0.18421052631578946
G:\RP\TIMIT16kHz\TEST\DR5\FGMD0\SX233.WAV	0.09090909090909091
G:\RP\TIMIT16kHz\TEST\DR5\FGMD0\SX323.WAV	0.1875
G:\RP\TIMIT16kHz\TEST\DR5\FGMD0\SX413.WAV	0.047619047619047616
G:\RP\TIMIT16kHz\TEST\DR5\FGMD0\SX53.WAV	0.16216216216216217
G:\RP\TIMIT16kHz\TEST\DR5\FHES0\SA1.WAV	0.0975609756097561
G:\RP\TIMIT16kHz\TEST\DR5\FHES0\SA2.WAV	0.0
G:\RP\TIMIT16kHz\TEST\DR5\FHES0\SI1109.WAV	0.20454545454545456
G:\RP\TIMIT16kHz\TEST\DR5\FHES0\SI1739.WAV	0.2
G:\RP\TIMIT16kHz\TEST\DR5\FHES0\SI479.WAV	0.08064516129032258
G:\RP\TIMIT16kHz\TEST\DR5\FHES0\SX119.WAV	0.1282051282051282
G:\RP\TIMIT16kHz\TEST\DR5\FHES0\SX209.WAV	0.0
G:\RP\TIMIT16kHz\TEST\DR5\FHES0\SX29.WAV	0.11428571428571428
G:\RP\TIMIT16kHz\TEST\DR5\FHES0\SX299.WAV	0.10526315789473684
G:\RP\TIMIT16kHz\TEST\DR5\FHES0\SX389.WAV	0.14285714285714285
G:\RP\TIMIT16kHz\TEST\DR5\FHEW0\SA1.WAV	0.15
G:\RP\TIMIT16kHz\TEST\DR5\FHEW0\SA2.WAV	0.11764705882352941
G:\RP\TIMIT16kHz\TEST\DR5\FHEW0\SI2023.WAV	0.04081632653061224
G:\RP\TIMIT16kHz\TEST\DR5\FHEW0\SI690.WAV	0.12307692307692308
G:\RP\TIMIT16kHz\TEST\DR5\FHEW0\SI763.WAV	0.19444444444444445
G:\RP\TIMIT16kHz\TEST\DR5\FHEW0\SX133.WAV	0.10526315789473684
G:\RP\TIMIT16kHz\TEST\DR5\FHEW0\SX223.WAV	0.25
G:\RP\TIMIT16kHz\TEST\DR5\FHEW0\SX313.WAV	0.14705882352941177
G:\RP\TIMIT16kHz\TEST\DR5\FHEW0\SX403.WAV	0.07317073170731707
G:\RP\TIMIT16kHz\TEST\DR5\FHEW0\SX43.WAV	0.21212121212121213
G:\RP\TIMIT16kHz\TEST\DR5\FJCS0\SA1.WAV	0.14285714285714285
G:\RP\TIMIT16kHz\TEST\DR5\FJCS0\SA2.WAV	0.08823529411764706
G:\RP\TIMIT16kHz\TEST\DR5\FJCS0\SI1309.WAV	0.06557377049180328
G:\RP\TIMIT16kHz\TEST\DR5\FJCS0\SI1833.WAV	0.045454545454545456
G:\RP\TIMIT16kHz\TEST\DR5\FJCS0\SI1939.WAV	0.17073170731707318
G:\RP\TIMIT16kHz\TEST\DR5\FJCS0\SX139.WAV	0.09523809523809523
G:\RP\TIMIT16kHz\TEST\DR5\FJCS0\SX229.WAV	0.1111111111111111
G:\RP\TIMIT16kHz\TEST\DR5\FJCS0\SX319.WAV	0.05714285714285714
G:\RP\TIMIT16kHz\TEST\DR5\FJCS0\SX409.WAV	0.1
G:\RP\TIMIT16kHz\TEST\DR5\FJCS0\SX49.WAV	0.07894736842105263
G:\RP\TIMIT16kHz\TEST\DR5\FJSA0\SA1.WAV	0.09523809523809523
G:\RP\TIMIT16kHz\TEST\DR5\FJSA0\SA2.WAV	0.02631578947368421
G:\RP\TIMIT16kHz\TEST\DR5\FJSA0\SI1379.WAV	0.1875
G:\RP\TIMIT16kHz\TEST\DR5\FJSA0\SI2009.WAV	0.15517241379310345
G:\RP\TIMIT16kHz\TEST\DR5\FJSA0\SI749.WAV	0.11940298507462686
G:\RP\TIMIT16kHz\TEST\DR5\FJSA0\SX119.WAV	0.075
G:\RP\TIMIT16kHz\TEST\DR5\FJSA0\SX209.WAV	0.05555555555555555
G:\RP\TIMIT16kHz\TEST\DR5\FJSA0\SX29.WAV	0.029411764705882353
G:\RP\TIMIT16kHz\TEST\DR5\FJSA0\SX299.WAV	0.15
G:\RP\TIMIT16kHz\TEST\DR5\FJSA0\SX389.WAV	0.17142857142857143
G:\RP\TIMIT16kHz\TEST\DR5\FMAH0\SA1.WAV	0.075
G:\RP\TIMIT16kHz\TEST\DR5\FMAH0\SA2.WAV	0.08823529411764706
G:\RP\TIMIT16kHz\TEST\DR5\FMAH0\SI1289.WAV	0.15789473684210525
G:\RP\TIMIT16kHz\TEST\DR5\FMAH0\SI1919.WAV	0.08108108108108109
G:\RP\TIMIT16kHz\TEST\DR5\FMAH0\SI659.WAV	0.06666666666666667
G:\RP\TIMIT16kHz\TEST\DR5\FMAH0\SX119.WAV	0.1
G:\RP\TIMIT16kHz\TEST\DR5\FMAH0\SX209.WAV	0.05555555555555555
G:\RP\TIMIT16kHz\TEST\DR5\FMAH0\SX29.WAV	0.058823529411764705
G:\RP\TIMIT16kHz\TEST\DR5\FMAH0\SX299.WAV	0.08108108108108109
G:\RP\TIMIT16kHz\TEST\DR5\FMAH0\SX389.WAV	0.02857142857142857
G:\RP\TIMIT16kHz\TEST\DR5\FNLP0\SA1.WAV	0.07317073170731707
G:\RP\TIMIT16kHz\TEST\DR5\FNLP0\SA2.WAV	0.08823529411764706
G:\RP\TIMIT16kHz\TEST\DR5\FNLP0\SI1308.WAV	0.08823529411764706
G:\RP\TIMIT16kHz\TEST\DR5\FNLP0\SI1938.WAV	0.05
G:\RP\TIMIT16kHz\TEST\DR5\FNLP0\SI678.WAV	0.0
G:\RP\TIMIT16kHz\TEST\DR5\FNLP0\SX138.WAV	0.043478260869565216
G:\RP\TIMIT16kHz\TEST\DR5\FNLP0\SX228.WAV	0.04
G:\RP\TIMIT16kHz\TEST\DR5\FNLP0\SX318.WAV	0.05714285714285714
G:\RP\TIMIT16kHz\TEST\DR5\FNLP0\SX408.WAV	0.13157894736842105
G:\RP\TIMIT16kHz\TEST\DR5\FNLP0\SX48.WAV	0.1282051282051282
G:\RP\TIMIT16kHz\TEST\DR5\FUTB0\SA1.WAV	0.10256410256410256
G:\RP\TIMIT16kHz\TEST\DR5\FUTB0\SA2.WAV	0.05714285714285714
G:\RP\TIMIT16kHz\TEST\DR5\FUTB0\SI1204.WAV	0.16666666666666666
G:\RP\TIMIT16kHz\TEST\DR5\FUTB0\SI1330.WAV	0.2112676056338028
G:\RP\TIMIT16kHz\TEST\DR5\FUTB0\SI1834.WAV	0.14705882352941177
G:\RP\TIMIT16kHz\TEST\DR5\FUTB0\SX124.WAV	0.1875
G:\RP\TIMIT16kHz\TEST\DR5\FUTB0\SX214.WAV	0.19047619047619047
G:\RP\TIMIT16kHz\TEST\DR5\FUTB0\SX304.WAV	0.3333333333333333
G:\RP\TIMIT16kHz\TEST\DR5\FUTB0\SX34.WAV	0.12
G:\RP\TIMIT16kHz\TEST\DR5\FUTB0\SX394.WAV	0.03225806451612903
G:\RP\TIMIT16kHz\TEST\DR5\MAHH0\SA1.WAV	0.05
G:\RP\TIMIT16kHz\TEST\DR5\MAHH0\SA2.WAV	0.02631578947368421
G:\RP\TIMIT16kHz\TEST\DR5\MAHH0\SI1294.WAV	0.09375
G:\RP\TIMIT16kHz\TEST\DR5\MAHH0\SI1924.WAV	0.1
G:\RP\TIMIT16kHz\TEST\DR5\MAHH0\SI664.WAV	0.09433962264150944
G:\RP\TIMIT16kHz\TEST\DR5\MAHH0\SX124.WAV	0.12121212121212122
G:\RP\TIMIT16kHz\TEST\DR5\MAHH0\SX214.WAV	0.21428571428571427
G:\RP\TIMIT16kHz\TEST\DR5\MAHH0\SX304.WAV	0.058823529411764705
G:\RP\TIMIT16kHz\TEST\DR5\MAHH0\SX34.WAV	0.04
G:\RP\TIMIT16kHz\TEST\DR5\MAHH0\SX394.WAV	0.06451612903225806
G:\RP\TIMIT16kHz\TEST\DR5\MBPM0\SA1.WAV	0.15
G:\RP\TIMIT16kHz\TEST\DR5\MBPM0\SA2.WAV	0.09090909090909091
G:\RP\TIMIT16kHz\TEST\DR5\MBPM0\SI1577.WAV	0.0
G:\RP\TIMIT16kHz\TEST\DR5\MBPM0\SI1584.WAV	0.171875
G:\RP\TIMIT16kHz\TEST\DR5\MBPM0\SI947.WAV	0.0625
G:\RP\TIMIT16kHz\TEST\DR5\MBPM0\SX137.WAV	0.21568627450980393
G:\RP\TIMIT16kHz\TEST\DR5\MBPM0\SX227.WAV	0.13333333333333333
G:\RP\TIMIT16kHz\TEST\DR5\MBPM0\SX317.WAV	0.15384615384615385
G:\RP\TIMIT16kHz\TEST\DR5\MBPM0\SX407.WAV	0.02702702702702703
G:\RP\TIMIT16kHz\TEST\DR5\MBPM0\SX47.WAV	0.09375
G:\RP\TIMIT16kHz\TEST\DR5\MCMB0\SA1.WAV	0.025
G:\RP\TIMIT16kHz\TEST\DR5\MCMB0\SA2.WAV	0.06060606060606061
G:\RP\TIMIT16kHz\TEST\DR5\MCMB0\SI1268.WAV	0.07246376811594203
G:\RP\TIMIT16kHz\TEST\DR5\MCMB0\SI1898.WAV	0.13043478260869565
G:\RP\TIMIT16kHz\TEST\DR5\MCMB0\SI638.WAV	0.2222222222222222
G:\RP\TIMIT16kHz\TEST\DR5\MCMB0\SX188.WAV	0.07692307692307693
G:\RP\TIMIT16kHz\TEST\DR5\MCMB0\SX278.WAV	0.09803921568627451
G:\RP\TIMIT16kHz\TEST\DR5\MCMB0\SX368.WAV	0.03636363636363636
G:\RP\TIMIT16kHz\TEST\DR5\MCMB0\SX8.WAV	0.041666666666666664
G:\RP\TIMIT16kHz\TEST\DR5\MCMB0\SX98.WAV	0.2
G:\RP\TIMIT16kHz\TEST\DR5\MCRC0\SA1.WAV	0.1
G:\RP\TIMIT16kHz\TEST\DR5\MCRC0\SA2.WAV	0.0
G:\RP\TIMIT16kHz\TEST\DR5\MCRC0\SI1092.WAV	0.13636363636363635
G:\RP\TIMIT16kHz\TEST\DR5\MCRC0\SI1722.WAV	0.08163265306122448
G:\RP\TIMIT16kHz\TEST\DR5\MCRC0\SI462.WAV	0.0625
G:\RP\TIMIT16kHz\TEST\DR5\MCRC0\SX102.WAV	0.043478260869565216
G:\RP\TIMIT16kHz\TEST\DR5\MCRC0\SX12.WAV	0.043478260869565216
G:\RP\TIMIT16kHz\TEST\DR5\MCRC0\SX192.WAV	0.16
G:\RP\TIMIT16kHz\TEST\DR5\MCRC0\SX282.WAV	0.047619047619047616
G:\RP\TIMIT16kHz\TEST\DR5\MCRC0\SX372.WAV	0.05263157894736842
G:\RP\TIMIT16kHz\TEST\DR5\MCTT0\SA1.WAV	0.025
G:\RP\TIMIT16kHz\TEST\DR5\MCTT0\SA2.WAV	0.08823529411764706
G:\RP\TIMIT16kHz\TEST\DR5\MCTT0\SI1144.WAV	0.10344827586206896
G:\RP\TIMIT16kHz\TEST\DR5\MCTT0\SI2188.WAV	0.0
G:\RP\TIMIT16kHz\TEST\DR5\MCTT0\SI928.WAV	0.1568627450980392
G:\RP\TIMIT16kHz\TEST\DR5\MCTT0\SX118.WAV	0.11764705882352941
G:\RP\TIMIT16kHz\TEST\DR5\MCTT0\SX208.WAV	0.17647058823529413
G:\RP\TIMIT16kHz\TEST\DR5\MCTT0\SX28.WAV	0.21428571428571427
G:\RP\TIMIT16kHz\TEST\DR5\MCTT0\SX298.WAV	0.10810810810810811
G:\RP\TIMIT16kHz\TEST\DR5\MCTT0\SX388.WAV	0.16666666666666666
G:\RP\TIMIT16kHz\TEST\DR5\MDAC2\SA1.WAV	0.2222222222222222
G:\RP\TIMIT16kHz\TEST\DR5\MDAC2\SA2.WAV	0.13333333333333333
G:\RP\TIMIT16kHz\TEST\DR5\MDAC2\SI2259.WAV	0.10714285714285714
G:\RP\TIMIT16kHz\TEST\DR5\MDAC2\SI560.WAV	0.11320754716981132
G:\RP\TIMIT16kHz\TEST\DR5\MDAC2\SI999.WAV	0.07407407407407407
G:\RP\TIMIT16kHz\TEST\DR5\MDAC2\SX189.WAV	0.18181818181818182
G:\RP\TIMIT16kHz\TEST\DR5\MDAC2\SX279.WAV	0.1111111111111111
G:\RP\TIMIT16kHz\TEST\DR5\MDAC2\SX369.WAV	0.07142857142857142
G:\RP\TIMIT16kHz\TEST\DR5\MDAC2\SX9.WAV	0.21052631578947367
G:\RP\TIMIT16kHz\TEST\DR5\MDAC2\SX99.WAV	0.23529411764705882
G:\RP\TIMIT16kHz\TEST\DR5\MDRB0\SA1.WAV	0.10256410256410256
G:\RP\TIMIT16kHz\TEST\DR5\MDRB0\SA2.WAV	0.11764705882352941
G:\RP\TIMIT16kHz\TEST\DR5\MDRB0\SI1174.WAV	0.29411764705882354
G:\RP\TIMIT16kHz\TEST\DR5\MDRB0\SI2109.WAV	0.1320754716981132
G:\RP\TIMIT16kHz\TEST\DR5\MDRB0\SI544.WAV	0.10810810810810811
G:\RP\TIMIT16kHz\TEST\DR5\MDRB0\SX184.WAV	0.19230769230769232
G:\RP\TIMIT16kHz\TEST\DR5\MDRB0\SX274.WAV	0.09375
G:\RP\TIMIT16kHz\TEST\DR5\MDRB0\SX364.WAV	0.12121212121212122
G:\RP\TIMIT16kHz\TEST\DR5\MDRB0\SX4.WAV	0.14814814814814814
G:\RP\TIMIT16kHz\TEST\DR5\MDRB0\SX94.WAV	0.0625
G:\RP\TIMIT16kHz\TEST\DR5\MDWA0\SA1.WAV	0.1282051282051282
G:\RP\TIMIT16kHz\TEST\DR5\MDWA0\SA2.WAV	0.12903225806451613
G:\RP\TIMIT16kHz\TEST\DR5\MDWA0\SI1146.WAV	0.14285714285714285
G:\RP\TIMIT16kHz\TEST\DR5\MDWA0\SI1445.WAV	0.1875
G:\RP\TIMIT16kHz\TEST\DR5\MDWA0\SI519.WAV	0.017543859649122806
G:\RP\TIMIT16kHz\TEST\DR5\MDWA0\SX185.WAV	0.07407407407407407
G:\RP\TIMIT16kHz\TEST\DR5\MDWA0\SX275.WAV	0.06451612903225806
G:\RP\TIMIT16kHz\TEST\DR5\MDWA0\SX365.WAV	0.04081632653061224
G:\RP\TIMIT16kHz\TEST\DR5\MDWA0\SX5.WAV	0.125
G:\RP\TIMIT16kHz\TEST\DR5\MDWA0\SX95.WAV	0.1
G:\RP\TIMIT16kHz\TEST\DR5\MDWK0\SA1.WAV	0.05263157894736842
G:\RP\TIMIT16kHz\TEST\DR5\MDWK0\SA2.WAV	0.0967741935483871
G:\RP\TIMIT16kHz\TEST\DR5\MDWK0\SI1540.WAV	0.33962264150943394
G:\RP\TIMIT16kHz\TEST\DR5\MDWK0\SI2170.WAV	0.0
G:\RP\TIMIT16kHz\TEST\DR5\MDWK0\SI910.WAV	0.2
G:\RP\TIMIT16kHz\TEST\DR5\MDWK0\SX10.WAV	0.14285714285714285
G:\RP\TIMIT16kHz\TEST\DR5\MDWK0\SX100.WAV	0.10526315789473684
G:\RP\TIMIT16kHz\TEST\DR5\MDWK0\SX190.WAV	0.0
G:\RP\TIMIT16kHz\TEST\DR5\MDWK0\SX280.WAV	0.05555555555555555
G:\RP\TIMIT16kHz\TEST\DR5\MDWK0\SX370.WAV	0.11764705882352941
G:\RP\TIMIT16kHz\TEST\DR5\MFGK0\SA1.WAV	0.16216216216216217
G:\RP\TIMIT16kHz\TEST\DR5\MFGK0\SA2.WAV	0.058823529411764705
G:\RP\TIMIT16kHz\TEST\DR5\MFGK0\SI1451.WAV	0.07575757575757576
G:\RP\TIMIT16kHz\TEST\DR5\MFGK0\SI1744.WAV	0.26666666666666666
G:\RP\TIMIT16kHz\TEST\DR5\MFGK0\SI484.WAV	0.14705882352941177
G:\RP\TIMIT16kHz\TEST\DR5\MFGK0\SX124.WAV	0.16129032258064516
G:\RP\TIMIT16kHz\TEST\DR5\MFGK0\SX214.WAV	0.11363636363636363
G:\RP\TIMIT16kHz\TEST\DR5\MFGK0\SX304.WAV	0.09090909090909091
G:\RP\TIMIT16kHz\TEST\DR5\MFGK0\SX34.WAV	0.07692307692307693
G:\RP\TIMIT16kHz\TEST\DR5\MFGK0\SX394.WAV	0.25
G:\RP\TIMIT16kHz\TEST\DR5\MKLT0\SA1.WAV	0.05128205128205128
G:\RP\TIMIT16kHz\TEST\DR5\MKLT0\SA2.WAV	0.16129032258064516
G:\RP\TIMIT16kHz\TEST\DR5\MKLT0\SI1213.WAV	0.14705882352941177
G:\RP\TIMIT16kHz\TEST\DR5\MKLT0\SI1843.WAV	0.11320754716981132
G:\RP\TIMIT16kHz\TEST\DR5\MKLT0\SI583.WAV	0.1111111111111111
G:\RP\TIMIT16kHz\TEST\DR5\MKLT0\SX133.WAV	0.17647058823529413
G:\RP\TIMIT16kHz\TEST\DR5\MKLT0\SX223.WAV	0.0
G:\RP\TIMIT16kHz\TEST\DR5\MKLT0\SX313.WAV	0.14285714285714285
G:\RP\TIMIT16kHz\TEST\DR5\MKLT0\SX403.WAV	0.075
G:\RP\TIMIT16kHz\TEST\DR5\MKLT0\SX43.WAV	0.09090909090909091
G:\RP\TIMIT16kHz\TEST\DR5\MLIH0\SA1.WAV	0.13157894736842105
G:\RP\TIMIT16kHz\TEST\DR5\MLIH0\SA2.WAV	0.16666666666666666
G:\RP\TIMIT16kHz\TEST\DR5\MLIH0\SI1183.WAV	0.13725490196078433
G:\RP\TIMIT16kHz\TEST\DR5\MLIH0\SI1813.WAV	0.07692307692307693
G:\RP\TIMIT16kHz\TEST\DR5\MLIH0\SI553.WAV	0.10526315789473684
G:\RP\TIMIT16kHz\TEST\DR5\MLIH0\SX103.WAV	0.11428571428571428
G:\RP\TIMIT16kHz\TEST\DR5\MLIH0\SX13.WAV	0.125
G:\RP\TIMIT16kHz\TEST\DR5\MLIH0\SX193.WAV	0.12
G:\RP\TIMIT16kHz\TEST\DR5\MLIH0\SX283.WAV	0.24444444444444444
G:\RP\TIMIT16kHz\TEST\DR5\MLIH0\SX373.WAV	0.22580645161290322
G:\RP\TIMIT16kHz\TEST\DR5\MRJM3\SA1.WAV	0.07317073170731707
G:\RP\TIMIT16kHz\TEST\DR5\MRJM3\SA2.WAV	0.09375
G:\RP\TIMIT16kHz\TEST\DR5\MRJM3\SI1448.WAV	0.15625
G:\RP\TIMIT16kHz\TEST\DR5\MRJM3\SI1809.WAV	0.11764705882352941
G:\RP\TIMIT16kHz\TEST\DR5\MRJM3\SI2078.WAV	0.0
G:\RP\TIMIT16kHz\TEST\DR5\MRJM3\SX188.WAV	0.10810810810810811
G:\RP\TIMIT16kHz\TEST\DR5\MRJM3\SX278.WAV	0.1
G:\RP\TIMIT16kHz\TEST\DR5\MRJM3\SX368.WAV	0.10714285714285714
G:\RP\TIMIT16kHz\TEST\DR5\MRJM3\SX8.WAV	0.08695652173913043
G:\RP\TIMIT16kHz\TEST\DR5\MRJM3\SX98.WAV	0.07692307692307693
G:\RP\TIMIT16kHz\TEST\DR5\MRPP0\SA1.WAV	0.14285714285714285
G:\RP\TIMIT16kHz\TEST\DR5\MRPP0\SA2.WAV	0.14705882352941177
G:\RP\TIMIT16kHz\TEST\DR5\MRPP0\SI1184.WAV	0.18333333333333332
G:\RP\TIMIT16kHz\TEST\DR5\MRPP0\SI1814.WAV	0.11538461538461539
G:\RP\TIMIT16kHz\TEST\DR5\MRPP0\SI554.WAV	0.16363636363636364
G:\RP\TIMIT16kHz\TEST\DR5\MRPP0\SX104.WAV	0.08333333333333333
G:\RP\TIMIT16kHz\TEST\DR5\MRPP0\SX14.WAV	0.13513513513513514
G:\RP\TIMIT16kHz\TEST\DR5\MRPP0\SX194.WAV	0.2857142857142857
G:\RP\TIMIT16kHz\TEST\DR5\MRPP0\SX284.WAV	0.09523809523809523
G:\RP\TIMIT16kHz\TEST\DR5\MRPP0\SX374.WAV	0.1111111111111111
G:\RP\TIMIT16kHz\TEST\DR5\MRRK0\SA1.WAV	0.025
G:\RP\TIMIT16kHz\TEST\DR5\MRRK0\SA2.WAV	0.09375
G:\RP\TIMIT16kHz\TEST\DR5\MRRK0\SI1288.WAV	0.08333333333333333
G:\RP\TIMIT16kHz\TEST\DR5\MRRK0\SI1716.WAV	0.0
G:\RP\TIMIT16kHz\TEST\DR5\MRRK0\SI1918.WAV	0.11627906976744186
G:\RP\TIMIT16kHz\TEST\DR5\MRRK0\SX118.WAV	0.1111111111111111
G:\RP\TIMIT16kHz\TEST\DR5\MRRK0\SX208.WAV	0.10810810810810811
G:\RP\TIMIT16kHz\TEST\DR5\MRRK0\SX28.WAV	0.034482758620689655
G:\RP\TIMIT16kHz\TEST\DR5\MRRK0\SX298.WAV	0.19444444444444445
G:\RP\TIMIT16kHz\TEST\DR5\MRRK0\SX388.WAV	0.19148936170212766
G:\RP\TIMIT16kHz\TEST\DR5\MRWS1\SA1.WAV	0.07317073170731707
G:\RP\TIMIT16kHz\TEST\DR5\MRWS1\SA2.WAV	0.030303030303030304
G:\RP\TIMIT16kHz\TEST\DR5\MRWS1\SI1130.WAV	0.08888888888888889
G:\RP\TIMIT16kHz\TEST\DR5\MRWS1\SI1496.WAV	0.21621621621621623
G:\RP\TIMIT16kHz\TEST\DR5\MRWS1\SI500.WAV	0.1702127659574468
G:\RP\TIMIT16kHz\TEST\DR5\MRWS1\SX140.WAV	0.16666666666666666
G:\RP\TIMIT16kHz\TEST\DR5\MRWS1\SX230.WAV	0.26666666666666666
G:\RP\TIMIT16kHz\TEST\DR5\MRWS1\SX320.WAV	0.09090909090909091
G:\RP\TIMIT16kHz\TEST\DR5\MRWS1\SX410.WAV	0.029411764705882353
G:\RP\TIMIT16kHz\TEST\DR5\MRWS1\SX50.WAV	0.02127659574468085
G:\RP\TIMIT16kHz\TEST\DR5\MSFH1\SA1.WAV	0.04878048780487805
G:\RP\TIMIT16kHz\TEST\DR5\MSFH1\SA2.WAV	0.08823529411764706
G:\RP\TIMIT16kHz\TEST\DR5\MSFH1\SI1270.WAV	0.05555555555555555
G:\RP\TIMIT16kHz\TEST\DR5\MSFH1\SI1900.WAV	0.08196721311475409
G:\RP\TIMIT16kHz\TEST\DR5\MSFH1\SI640.WAV	0.09523809523809523
G:\RP\TIMIT16kHz\TEST\DR5\MSFH1\SX10.WAV	0.14814814814814814
G:\RP\TIMIT16kHz\TEST\DR5\MSFH1\SX100.WAV	0.21052631578947367
G:\RP\TIMIT16kHz\TEST\DR5\MSFH1\SX190.WAV	0.14814814814814814
G:\RP\TIMIT16kHz\TEST\DR5\MSFH1\SX280.WAV	0.15
G:\RP\TIMIT16kHz\TEST\DR5\MSFH1\SX370.WAV	0.1388888888888889
G:\RP\TIMIT16kHz\TEST\DR6\FDRW0\SA1.WAV	0.1
G:\RP\TIMIT16kHz\TEST\DR6\FDRW0\SA2.WAV	0.03125
G:\RP\TIMIT16kHz\TEST\DR6\FDRW0\SI1283.WAV	0.08333333333333333
G:\RP\TIMIT16kHz\TEST\DR6\FDRW0\SI1423.WAV	0.0
G:\RP\TIMIT16kHz\TEST\DR6\FDRW0\SI653.WAV	0.0967741935483871
G:\RP\TIMIT16kHz\TEST\DR6\FDRW0\SX113.WAV	0.07692307692307693
G:\RP\TIMIT16kHz\TEST\DR6\FDRW0\SX203.WAV	0.17142857142857143
G:\RP\TIMIT16kHz\TEST\DR6\FDRW0\SX23.WAV	0.20689655172413793
G:\RP\TIMIT16kHz\TEST\DR6\FDRW0\SX293.WAV	0.045454545454545456
G:\RP\TIMIT16kHz\TEST\DR6\FDRW0\SX383.WAV	0.25
G:\RP\TIMIT16kHz\TEST\DR6\FLNH0\SA1.WAV	0.05263157894736842
G:\RP\TIMIT16kHz\TEST\DR6\FLNH0\SA2.WAV	0.08571428571428572
G:\RP\TIMIT16kHz\TEST\DR6\FLNH0\SI1214.WAV	0.1282051282051282
G:\RP\TIMIT16kHz\TEST\DR6\FLNH0\SI584.WAV	0.08108108108108109
G:\RP\TIMIT16kHz\TEST\DR6\FLNH0\SI941.WAV	0.1724137931034483
G:\RP\TIMIT16kHz\TEST\DR6\FLNH0\SX134.WAV	0.10869565217391304
G:\RP\TIMIT16kHz\TEST\DR6\FLNH0\SX224.WAV	0.14285714285714285
G:\RP\TIMIT16kHz\TEST\DR6\FLNH0\SX314.WAV	0.043478260869565216
G:\RP\TIMIT16kHz\TEST\DR6\FLNH0\SX404.WAV	0.09090909090909091
G:\RP\TIMIT16kHz\TEST\DR6\FLNH0\SX44.WAV	0.10256410256410256
G:\RP\TIMIT16kHz\TEST\DR6\FMGD0\SA1.WAV	0.025
G:\RP\TIMIT16kHz\TEST\DR6\FMGD0\SA2.WAV	0.0
G:\RP\TIMIT16kHz\TEST\DR6\FMGD0\SI1564.WAV	0.08620689655172414
G:\RP\TIMIT16kHz\TEST\DR6\FMGD0\SI2194.WAV	0.10714285714285714
G:\RP\TIMIT16kHz\TEST\DR6\FMGD0\SI934.WAV	0.05128205128205128
G:\RP\TIMIT16kHz\TEST\DR6\FMGD0\SX124.WAV	0.15151515151515152
G:\RP\TIMIT16kHz\TEST\DR6\FMGD0\SX214.WAV	0.0975609756097561
G:\RP\TIMIT16kHz\TEST\DR6\FMGD0\SX304.WAV	0.09090909090909091
G:\RP\TIMIT16kHz\TEST\DR6\FMGD0\SX34.WAV	0.0
G:\RP\TIMIT16kHz\TEST\DR6\FMGD0\SX394.WAV	0.07142857142857142
G:\RP\TIMIT16kHz\TEST\DR6\MCMJ0\SA1.WAV	0.1
G:\RP\TIMIT16kHz\TEST\DR6\MCMJ0\SA2.WAV	0.125
G:\RP\TIMIT16kHz\TEST\DR6\MCMJ0\SI1094.WAV	0.20754716981132076
G:\RP\TIMIT16kHz\TEST\DR6\MCMJ0\SI464.WAV	0.06451612903225806
G:\RP\TIMIT16kHz\TEST\DR6\MCMJ0\SI602.WAV	0.27450980392156865
G:\RP\TIMIT16kHz\TEST\DR6\MCMJ0\SX104.WAV	0.08
G:\RP\TIMIT16kHz\TEST\DR6\MCMJ0\SX14.WAV	0.15789473684210525
G:\RP\TIMIT16kHz\TEST\DR6\MCMJ0\SX194.WAV	0.09090909090909091
G:\RP\TIMIT16kHz\TEST\DR6\MCMJ0\SX284.WAV	0.09523809523809523
G:\RP\TIMIT16kHz\TEST\DR6\MCMJ0\SX374.WAV	0.11538461538461539
G:\RP\TIMIT16kHz\TEST\DR6\MDSC0\SA1.WAV	0.046511627906976744
G:\RP\TIMIT16kHz\TEST\DR6\MDSC0\SA2.WAV	0.12121212121212122
G:\RP\TIMIT16kHz\TEST\DR6\MDSC0\SI1038.WAV	0.0975609756097561
G:\RP\TIMIT16kHz\TEST\DR6\MDSC0\SI2298.WAV	0.24324324324324326
G:\RP\TIMIT16kHz\TEST\DR6\MDSC0\SI967.WAV	0.08620689655172414
G:\RP\TIMIT16kHz\TEST\DR6\MDSC0\SX138.WAV	0.125
G:\RP\TIMIT16kHz\TEST\DR6\MDSC0\SX228.WAV	0.1111111111111111
G:\RP\TIMIT16kHz\TEST\DR6\MDSC0\SX318.WAV	0.029411764705882353
G:\RP\TIMIT16kHz\TEST\DR6\MDSC0\SX408.WAV	0.21052631578947367
G:\RP\TIMIT16kHz\TEST\DR6\MDSC0\SX48.WAV	0.05
G:\RP\TIMIT16kHz\TEST\DR6\MESD0\SA1.WAV	0.125
G:\RP\TIMIT16kHz\TEST\DR6\MESD0\SA2.WAV	0.11428571428571428
G:\RP\TIMIT16kHz\TEST\DR6\MESD0\SI1002.WAV	0.11290322580645161
G:\RP\TIMIT16kHz\TEST\DR6\MESD0\SI1632.WAV	0.0625
G:\RP\TIMIT16kHz\TEST\DR6\MESD0\SI2262.WAV	0.0625
G:\RP\TIMIT16kHz\TEST\DR6\MESD0\SX102.WAV	0.058823529411764705
G:\RP\TIMIT16kHz\TEST\DR6\MESD0\SX12.WAV	0.16666666666666666
G:\RP\TIMIT16kHz\TEST\DR6\MESD0\SX192.WAV	0.07142857142857142
G:\RP\TIMIT16kHz\TEST\DR6\MESD0\SX282.WAV	0.09302325581395349
G:\RP\TIMIT16kHz\TEST\DR6\MESD0\SX372.WAV	0.06976744186046512
G:\RP\TIMIT16kHz\TEST\DR6\MJDH0\SA1.WAV	0.12195121951219512
G:\RP\TIMIT16kHz\TEST\DR6\MJDH0\SA2.WAV	0.16129032258064516
G:\RP\TIMIT16kHz\TEST\DR6\MJDH0\SI1354.WAV	0.11864406779661017
G:\RP\TIMIT16kHz\TEST\DR6\MJDH0\SI1984.WAV	0.07142857142857142
G:\RP\TIMIT16kHz\TEST\DR6\MJDH0\SI724.WAV	0.09090909090909091
G:\RP\TIMIT16kHz\TEST\DR6\MJDH0\SX184.WAV	0.24
G:\RP\TIMIT16kHz\TEST\DR6\MJDH0\SX274.WAV	0.12903225806451613
G:\RP\TIMIT16kHz\TEST\DR6\MJDH0\SX364.WAV	0.047619047619047616
G:\RP\TIMIT16kHz\TEST\DR6\MJDH0\SX4.WAV	0.0
G:\RP\TIMIT16kHz\TEST\DR6\MJDH0\SX94.WAV	0.11764705882352941
G:\RP\TIMIT16kHz\TEST\DR6\MJFC0\SA1.WAV	0.0975609756097561
G:\RP\TIMIT16kHz\TEST\DR6\MJFC0\SA2.WAV	0.2
G:\RP\TIMIT16kHz\TEST\DR6\MJFC0\SI1033.WAV	0.041666666666666664
G:\RP\TIMIT16kHz\TEST\DR6\MJFC0\SI1663.WAV	0.1
G:\RP\TIMIT16kHz\TEST\DR6\MJFC0\SI2293.WAV	0.125
G:\RP\TIMIT16kHz\TEST\DR6\MJFC0\SX133.WAV	0.14285714285714285
G:\RP\TIMIT16kHz\TEST\DR6\MJFC0\SX223.WAV	0.0625
G:\RP\TIMIT16kHz\TEST\DR6\MJFC0\SX313.WAV	0.14285714285714285
G:\RP\TIMIT16kHz\TEST\DR6\MJFC0\SX403.WAV	0.0975609756097561
G:\RP\TIMIT16kHz\TEST\DR6\MJFC0\SX43.WAV	0.09375
G:\RP\TIMIT16kHz\TEST\DR6\MPAM1\SA1.WAV	0.07317073170731707
G:\RP\TIMIT16kHz\TEST\DR6\MPAM1\SA2.WAV	0.09090909090909091
G:\RP\TIMIT16kHz\TEST\DR6\MPAM1\SI1029.WAV	0.15789473684210525
G:\RP\TIMIT16kHz\TEST\DR6\MPAM1\SI1836.WAV	0.03225806451612903
G:\RP\TIMIT16kHz\TEST\DR6\MPAM1\SI576.WAV	0.125
G:\RP\TIMIT16kHz\TEST\DR6\MPAM1\SX126.WAV	0.2413793103448276
G:\RP\TIMIT16kHz\TEST\DR6\MPAM1\SX216.WAV	0.03571428571428571
G:\RP\TIMIT16kHz\TEST\DR6\MPAM1\SX306.WAV	0.16666666666666666
G:\RP\TIMIT16kHz\TEST\DR6\MPAM1\SX36.WAV	0.10204081632653061
G:\RP\TIMIT16kHz\TEST\DR6\MPAM1\SX396.WAV	0.09615384615384616
G:\RP\TIMIT16kHz\TEST\DR6\MRJR0\SA1.WAV	0.12195121951219512
G:\RP\TIMIT16kHz\TEST\DR6\MRJR0\SA2.WAV	0.11428571428571428
G:\RP\TIMIT16kHz\TEST\DR6\MRJR0\SI1182.WAV	0.24242424242424243
G:\RP\TIMIT16kHz\TEST\DR6\MRJR0\SI1812.WAV	0.16666666666666666
G:\RP\TIMIT16kHz\TEST\DR6\MRJR0\SI2313.WAV	0.08064516129032258
G:\RP\TIMIT16kHz\TEST\DR6\MRJR0\SX102.WAV	0.12244897959183673
G:\RP\TIMIT16kHz\TEST\DR6\MRJR0\SX12.WAV	0.041666666666666664
G:\RP\TIMIT16kHz\TEST\DR6\MRJR0\SX192.WAV	0.20689655172413793
G:\RP\TIMIT16kHz\TEST\DR6\MRJR0\SX282.WAV	0.023809523809523808
G:\RP\TIMIT16kHz\TEST\DR6\MRJR0\SX372.WAV	0.05128205128205128
G:\RP\TIMIT16kHz\TEST\DR6\MRJS0\SA1.WAV	0.08333333333333333
G:\RP\TIMIT16kHz\TEST\DR6\MRJS0\SA2.WAV	0.06060606060606061
G:\RP\TIMIT16kHz\TEST\DR6\MRJS0\SI1444.WAV	0.12727272727272726
G:\RP\TIMIT16kHz\TEST\DR6\MRJS0\SI1523.WAV	0.38461538461538464
G:\RP\TIMIT16kHz\TEST\DR6\MRJS0\SI2074.WAV	0.15151515151515152
G:\RP\TIMIT16kHz\TEST\DR6\MRJS0\SX184.WAV	0.1724137931034483
G:\RP\TIMIT16kHz\TEST\DR6\MRJS0\SX274.WAV	0.13333333333333333
G:\RP\TIMIT16kHz\TEST\DR6\MRJS0\SX364.WAV	0.13114754098360656
G:\RP\TIMIT16kHz\TEST\DR6\MRJS0\SX4.WAV	0.11538461538461539
G:\RP\TIMIT16kHz\TEST\DR6\MRJS0\SX94.WAV	0.125
G:\RP\TIMIT16kHz\TEST\DR7\FCAU0\SA1.WAV	0.09523809523809523
G:\RP\TIMIT16kHz\TEST\DR7\FCAU0\SA2.WAV	0.02857142857142857
G:\RP\TIMIT16kHz\TEST\DR7\FCAU0\SI1037.WAV	0.02040816326530612
G:\RP\TIMIT16kHz\TEST\DR7\FCAU0\SI1667.WAV	0.10344827586206896
G:\RP\TIMIT16kHz\TEST\DR7\FCAU0\SI2297.WAV	0.10256410256410256
G:\RP\TIMIT16kHz\TEST\DR7\FCAU0\SX137.WAV	0.11538461538461539
G:\RP\TIMIT16kHz\TEST\DR7\FCAU0\SX227.WAV	0.13333333333333333
G:\RP\TIMIT16kHz\TEST\DR7\FCAU0\SX317.WAV	0.28205128205128205
G:\RP\TIMIT16kHz\TEST\DR7\FCAU0\SX407.WAV	0.10256410256410256
G:\RP\TIMIT16kHz\TEST\DR7\FCAU0\SX47.WAV	0.0
G:\RP\TIMIT16kHz\TEST\DR7\FDHC0\SA1.WAV	0.1
G:\RP\TIMIT16kHz\TEST\DR7\FDHC0\SA2.WAV	0.11764705882352941
G:\RP\TIMIT16kHz\TEST\DR7\FDHC0\SI1559.WAV	0.16
G:\RP\TIMIT16kHz\TEST\DR7\FDHC0\SI2189.WAV	0.13793103448275862
G:\RP\TIMIT16kHz\TEST\DR7\FDHC0\SI929.WAV	0.05263157894736842
G:\RP\TIMIT16kHz\TEST\DR7\FDHC0\SX119.WAV	0.07317073170731707
G:\RP\TIMIT16kHz\TEST\DR7\FDHC0\SX209.WAV	0.05555555555555555
G:\RP\TIMIT16kHz\TEST\DR7\FDHC0\SX29.WAV	0.027777777777777776
G:\RP\TIMIT16kHz\TEST\DR7\FDHC0\SX299.WAV	0.13157894736842105
G:\RP\TIMIT16kHz\TEST\DR7\FDHC0\SX389.WAV	0.11764705882352941
G:\RP\TIMIT16kHz\TEST\DR7\FGWR0\SA1.WAV	0.046511627906976744
G:\RP\TIMIT16kHz\TEST\DR7\FGWR0\SA2.WAV	0.027777777777777776
G:\RP\TIMIT16kHz\TEST\DR7\FGWR0\SI1578.WAV	0.02702702702702703
G:\RP\TIMIT16kHz\TEST\DR7\FGWR0\SI2208.WAV	0.09090909090909091
G:\RP\TIMIT16kHz\TEST\DR7\FGWR0\SI948.WAV	0.15254237288135594
G:\RP\TIMIT16kHz\TEST\DR7\FGWR0\SX138.WAV	0.022222222222222223
G:\RP\TIMIT16kHz\TEST\DR7\FGWR0\SX228.WAV	0.07407407407407407
G:\RP\TIMIT16kHz\TEST\DR7\FGWR0\SX318.WAV	0.0
G:\RP\TIMIT16kHz\TEST\DR7\FGWR0\SX408.WAV	0.16666666666666666
G:\RP\TIMIT16kHz\TEST\DR7\FGWR0\SX48.WAV	0.125
G:\RP\TIMIT16kHz\TEST\DR7\FISB0\SA1.WAV	0.024390243902439025
G:\RP\TIMIT16kHz\TEST\DR7\FISB0\SA2.WAV	0.14285714285714285
G:\RP\TIMIT16kHz\TEST\DR7\FISB0\SI1579.WAV	0.05405405405405406
G:\RP\TIMIT16kHz\TEST\DR7\FISB0\SI2209.WAV	0.1111111111111111
G:\RP\TIMIT16kHz\TEST\DR7\FISB0\SI949.WAV	0.12698412698412698
G:\RP\TIMIT16kHz\TEST\DR7\FISB0\SX139.WAV	0.19047619047619047
G:\RP\TIMIT16kHz\TEST\DR7\FISB0\SX229.WAV	0.0
G:\RP\TIMIT16kHz\TEST\DR7\FISB0\SX319.WAV	0.11627906976744186
G:\RP\TIMIT16kHz\TEST\DR7\FISB0\SX409.WAV	0.11320754716981132
G:\RP\TIMIT16kHz\TEST\DR7\FISB0\SX49.WAV	0.13513513513513514
G:\RP\TIMIT16kHz\TEST\DR7\FLAS0\SA1.WAV	0.02564102564102564
G:\RP\TIMIT16kHz\TEST\DR7\FLAS0\SA2.WAV	0.15151515151515152
G:\RP\TIMIT16kHz\TEST\DR7\FLAS0\SI1026.WAV	0.09090909090909091
G:\RP\TIMIT16kHz\TEST\DR7\FLAS0\SI1488.WAV	0.11904761904761904
G:\RP\TIMIT16kHz\TEST\DR7\FLAS0\SI858.WAV	0.04225352112676056
G:\RP\TIMIT16kHz\TEST\DR7\FLAS0\SX138.WAV	0.08163265306122448
G:\RP\TIMIT16kHz\TEST\DR7\FLAS0\SX228.WAV	0.043478260869565216
G:\RP\TIMIT16kHz\TEST\DR7\FLAS0\SX318.WAV	0.0
G:\RP\TIMIT16kHz\TEST\DR7\FLAS0\SX408.WAV	0.08333333333333333
G:\RP\TIMIT16kHz\TEST\DR7\FLAS0\SX48.WAV	0.05263157894736842
G:\RP\TIMIT16kHz\TEST\DR7\FMML0\SA1.WAV	0.14634146341463414
G:\RP\TIMIT16kHz\TEST\DR7\FMML0\SA2.WAV	0.20588235294117646
G:\RP\TIMIT16kHz\TEST\DR7\FMML0\SI1040.WAV	0.11320754716981132
G:\RP\TIMIT16kHz\TEST\DR7\FMML0\SI1670.WAV	0.175
G:\RP\TIMIT16kHz\TEST\DR7\FMML0\SI2300.WAV	0.08108108108108109
G:\RP\TIMIT16kHz\TEST\DR7\FMML0\SX140.WAV	0.21568627450980393
G:\RP\TIMIT16kHz\TEST\DR7\FMML0\SX230.WAV	0.2647058823529412
G:\RP\TIMIT16kHz\TEST\DR7\FMML0\SX320.WAV	0.1111111111111111
G:\RP\TIMIT16kHz\TEST\DR7\FMML0\SX410.WAV	0.05405405405405406
G:\RP\TIMIT16kHz\TEST\DR7\FMML0\SX50.WAV	0.0
G:\RP\TIMIT16kHz\TEST\DR7\FSXA0\SA1.WAV	0.09523809523809523
G:\RP\TIMIT16kHz\TEST\DR7\FSXA0\SA2.WAV	0.08333333333333333
G:\RP\TIMIT16kHz\TEST\DR7\FSXA0\SI1108.WAV	0.09523809523809523
G:\RP\TIMIT16kHz\TEST\DR7\FSXA0\SI1846.WAV	0.08333333333333333
G:\RP\TIMIT16kHz\TEST\DR7\FSXA0\SI478.WAV	0.05128205128205128
G:\RP\TIMIT16kHz\TEST\DR7\FSXA0\SX118.WAV	0.15384615384615385
G:\RP\TIMIT16kHz\TEST\DR7\FSXA0\SX208.WAV	0.04878048780487805
G:\RP\TIMIT16kHz\TEST\DR7\FSXA0\SX28.WAV	0.06060606060606061
G:\RP\TIMIT16kHz\TEST\DR7\FSXA0\SX298.WAV	0.10810810810810811
G:\RP\TIMIT16kHz\TEST\DR7\FSXA0\SX388.WAV	0.11764705882352941
G:\RP\TIMIT16kHz\TEST\DR7\FTLH0\SA1.WAV	0.14285714285714285
G:\RP\TIMIT16kHz\TEST\DR7\FTLH0\SA2.WAV	0.02631578947368421
G:\RP\TIMIT16kHz\TEST\DR7\FTLH0\SI1009.WAV	0.06666666666666667
G:\RP\TIMIT16kHz\TEST\DR7\FTLH0\SI1390.WAV	0.0
G:\RP\TIMIT16kHz\TEST\DR7\FTLH0\SI1639.WAV	0.08
G:\RP\TIMIT16kHz\TEST\DR7\FTLH0\SX109.WAV	0.1111111111111111
G:\RP\TIMIT16kHz\TEST\DR7\FTLH0\SX19.WAV	0.08108108108108109
G:\RP\TIMIT16kHz\TEST\DR7\FTLH0\SX199.WAV	0.07272727272727272
G:\RP\TIMIT16kHz\TEST\DR7\FTLH0\SX289.WAV	0.1282051282051282
G:\RP\TIMIT16kHz\TEST\DR7\FTLH0\SX379.WAV	0.06451612903225806
G:\RP\TIMIT16kHz\TEST\DR7\MCHH0\SA1.WAV	0.15
G:\RP\TIMIT16kHz\TEST\DR7\MCHH0\SA2.WAV	0.15151515151515152
G:\RP\TIMIT16kHz\TEST\DR7\MCHH0\SI1004.WAV	0.16393442622950818
G:\RP\TIMIT16kHz\TEST\DR7\MCHH0\SI1634.WAV	0.1724137931034483
G:\RP\TIMIT16kHz\TEST\DR7\MCHH0\SI530.WAV	0.18032786885245902
G:\RP\TIMIT16kHz\TEST\DR7\MCHH0\SX104.WAV	0.11538461538461539
G:\RP\TIMIT16kHz\TEST\DR7\MCHH0\SX14.WAV	0.17647058823529413
G:\RP\TIMIT16kHz\TEST\DR7\MCHH0\SX194.WAV	0.13636363636363635
G:\RP\TIMIT16kHz\TEST\DR7\MCHH0\SX284.WAV	0.15555555555555556
G:\RP\TIMIT16kHz\TEST\DR7\MCHH0\SX374.WAV	0.041666666666666664
G:\RP\TIMIT16kHz\TEST\DR7\MDLF0\SA1.WAV	0.0975609756097561
G:\RP\TIMIT16kHz\TEST\DR7\MDLF0\SA2.WAV	0.06060606060606061
G:\RP\TIMIT16kHz\TEST\DR7\MDLF0\SI1583.WAV	0.1891891891891892
G:\RP\TIMIT16kHz\TEST\DR7\MDLF0\SI2213.WAV	0.0
G:\RP\TIMIT16kHz\TEST\DR7\MDLF0\SI953.WAV	0.1875
G:\RP\TIMIT16kHz\TEST\DR7\MDLF0\SX143.WAV	0.12195121951219512
G:\RP\TIMIT16kHz\TEST\DR7\MDLF0\SX233.WAV	0.04
G:\RP\TIMIT16kHz\TEST\DR7\MDLF0\SX323.WAV	0.12121212121212122
G:\RP\TIMIT16kHz\TEST\DR7\MDLF0\SX413.WAV	0.18604651162790697
G:\RP\TIMIT16kHz\TEST\DR7\MDLF0\SX53.WAV	0.12195121951219512
G:\RP\TIMIT16kHz\TEST\DR7\MDVC0\SA1.WAV	0.12195121951219512
G:\RP\TIMIT16kHz\TEST\DR7\MDVC0\SA2.WAV	0.13513513513513514
G:\RP\TIMIT16kHz\TEST\DR7\MDVC0\SI2174.WAV	0.0
G:\RP\TIMIT16kHz\TEST\DR7\MDVC0\SI2196.WAV	0.1774193548387097
G:\RP\TIMIT16kHz\TEST\DR7\MDVC0\SI936.WAV	0.19444444444444445
G:\RP\TIMIT16kHz\TEST\DR7\MDVC0\SX126.WAV	0.14705882352941177
G:\RP\TIMIT16kHz\TEST\DR7\MDVC0\SX216.WAV	0.034482758620689655
G:\RP\TIMIT16kHz\TEST\DR7\MDVC0\SX306.WAV	0.22580645161290322
G:\RP\TIMIT16kHz\TEST\DR7\MDVC0\SX36.WAV	0.14
G:\RP\TIMIT16kHz\TEST\DR7\MDVC0\SX396.WAV	0.09615384615384616
G:\RP\TIMIT16kHz\TEST\DR7\MERS0\SA1.WAV	0.13953488372093023
G:\RP\TIMIT16kHz\TEST\DR7\MERS0\SA2.WAV	0.2
G:\RP\TIMIT16kHz\TEST\DR7\MERS0\SI1019.WAV	0.05
G:\RP\TIMIT16kHz\TEST\DR7\MERS0\SI1649.WAV	0.19047619047619047
G:\RP\TIMIT16kHz\TEST\DR7\MERS0\SI497.WAV	0.07246376811594203
G:\RP\TIMIT16kHz\TEST\DR7\MERS0\SX119.WAV	0.14634146341463414
G:\RP\TIMIT16kHz\TEST\DR7\MERS0\SX209.WAV	0.13157894736842105
G:\RP\TIMIT16kHz\TEST\DR7\MERS0\SX29.WAV	0.14285714285714285
G:\RP\TIMIT16kHz\TEST\DR7\MERS0\SX299.WAV	0.07692307692307693
G:\RP\TIMIT16kHz\TEST\DR7\MERS0\SX389.WAV	0.18421052631578946
G:\RP\TIMIT16kHz\TEST\DR7\MGRT0\SA1.WAV	0.047619047619047616
G:\RP\TIMIT16kHz\TEST\DR7\MGRT0\SA2.WAV	0.025
G:\RP\TIMIT16kHz\TEST\DR7\MGRT0\SI1450.WAV	0.057971014492753624
G:\RP\TIMIT16kHz\TEST\DR7\MGRT0\SI2080.WAV	0.0
G:\RP\TIMIT16kHz\TEST\DR7\MGRT0\SI820.WAV	0.0967741935483871
G:\RP\TIMIT16kHz\TEST\DR7\MGRT0\SX10.WAV	0.10344827586206896
G:\RP\TIMIT16kHz\TEST\DR7\MGRT0\SX100.WAV	0.07692307692307693
G:\RP\TIMIT16kHz\TEST\DR7\MGRT0\SX190.WAV	0.14285714285714285
G:\RP\TIMIT16kHz\TEST\DR7\MGRT0\SX280.WAV	0.1111111111111111
G:\RP\TIMIT16kHz\TEST\DR7\MGRT0\SX370.WAV	0.13513513513513514
G:\RP\TIMIT16kHz\TEST\DR7\MKDR0\SA1.WAV	0.05263157894736842
G:\RP\TIMIT16kHz\TEST\DR7\MKDR0\SA2.WAV	0.058823529411764705
G:\RP\TIMIT16kHz\TEST\DR7\MKDR0\SI1273.WAV	0.1774193548387097
G:\RP\TIMIT16kHz\TEST\DR7\MKDR0\SI1903.WAV	0.09090909090909091
G:\RP\TIMIT16kHz\TEST\DR7\MKDR0\SI643.WAV	0.10810810810810811
G:\RP\TIMIT16kHz\TEST\DR7\MKDR0\SX103.WAV	0.08823529411764706
G:\RP\TIMIT16kHz\TEST\DR7\MKDR0\SX13.WAV	0.09090909090909091
G:\RP\TIMIT16kHz\TEST\DR7\MKDR0\SX193.WAV	0.16666666666666666
G:\RP\TIMIT16kHz\TEST\DR7\MKDR0\SX283.WAV	0.2608695652173913
G:\RP\TIMIT16kHz\TEST\DR7\MKDR0\SX373.WAV	0.21212121212121213
G:\RP\TIMIT16kHz\TEST\DR7\MKJL0\SA1.WAV	0.0975609756097561
G:\RP\TIMIT16kHz\TEST\DR7\MKJL0\SA2.WAV	0.0967741935483871
G:\RP\TIMIT16kHz\TEST\DR7\MKJL0\SI1100.WAV	0.125
G:\RP\TIMIT16kHz\TEST\DR7\MKJL0\SI1730.WAV	0.21153846153846154
G:\RP\TIMIT16kHz\TEST\DR7\MKJL0\SI470.WAV	0.0
G:\RP\TIMIT16kHz\TEST\DR7\MKJL0\SX110.WAV	0.1794871794871795
G:\RP\TIMIT16kHz\TEST\DR7\MKJL0\SX20.WAV	0.07407407407407407
G:\RP\TIMIT16kHz\TEST\DR7\MKJL0\SX200.WAV	0.15384615384615385
G:\RP\TIMIT16kHz\TEST\DR7\MKJL0\SX290.WAV	0.09090909090909091
G:\RP\TIMIT16kHz\TEST\DR7\MKJL0\SX380.WAV	0.0
G:\RP\TIMIT16kHz\TEST\DR7\MNJM0\SA1.WAV	0.02631578947368421
G:\RP\TIMIT16kHz\TEST\DR7\MNJM0\SA2.WAV	0.12121212121212122
G:\RP\TIMIT16kHz\TEST\DR7\MNJM0\SI1580.WAV	0.25
G:\RP\TIMIT16kHz\TEST\DR7\MNJM0\SI2210.WAV	0.038461538461538464
G:\RP\TIMIT16kHz\TEST\DR7\MNJM0\SI950.WAV	0.11475409836065574
G:\RP\TIMIT16kHz\TEST\DR7\MNJM0\SX140.WAV	0.23255813953488372
G:\RP\TIMIT16kHz\TEST\DR7\MNJM0\SX230.WAV	0.16129032258064516
G:\RP\TIMIT16kHz\TEST\DR7\MNJM0\SX320.WAV	0.15217391304347827
G:\RP\TIMIT16kHz\TEST\DR7\MNJM0\SX410.WAV	0.0
G:\RP\TIMIT16kHz\TEST\DR7\MNJM0\SX50.WAV	0.044444444444444446
G:\RP\TIMIT16kHz\TEST\DR7\MNLS0\SA1.WAV	0.047619047619047616
G:\RP\TIMIT16kHz\TEST\DR7\MNLS0\SA2.WAV	0.09090909090909091
G:\RP\TIMIT16kHz\TEST\DR7\MNLS0\SI1483.WAV	0.043478260869565216
G:\RP\TIMIT16kHz\TEST\DR7\MNLS0\SI1610.WAV	0.11864406779661017
G:\RP\TIMIT16kHz\TEST\DR7\MNLS0\SI853.WAV	0.14634146341463414
G:\RP\TIMIT16kHz\TEST\DR7\MNLS0\SX133.WAV	0.16216216216216217
G:\RP\TIMIT16kHz\TEST\DR7\MNLS0\SX223.WAV	0.14285714285714285
G:\RP\TIMIT16kHz\TEST\DR7\MNLS0\SX313.WAV	0.11764705882352941
G:\RP\TIMIT16kHz\TEST\DR7\MNLS0\SX403.WAV	0.10810810810810811
G:\RP\TIMIT16kHz\TEST\DR7\MNLS0\SX43.WAV	0.058823529411764705
G:\RP\TIMIT16kHz\TEST\DR7\MPAB0\SA1.WAV	0.20930232558139536
G:\RP\TIMIT16kHz\TEST\DR7\MPAB0\SA2.WAV	0.07692307692307693
G:\RP\TIMIT16kHz\TEST\DR7\MPAB0\SI1103.WAV	0.06060606060606061
G:\RP\TIMIT16kHz\TEST\DR7\MPAB0\SI1128.WAV	0.16279069767441862
G:\RP\TIMIT16kHz\TEST\DR7\MPAB0\SI498.WAV	0.11538461538461539
G:\RP\TIMIT16kHz\TEST\DR7\MPAB0\SX138.WAV	0.0851063829787234
G:\RP\TIMIT16kHz\TEST\DR7\MPAB0\SX228.WAV	0.037037037037037035
G:\RP\TIMIT16kHz\TEST\DR7\MPAB0\SX318.WAV	0.07894736842105263
G:\RP\TIMIT16kHz\TEST\DR7\MPAB0\SX408.WAV	0.07692307692307693
G:\RP\TIMIT16kHz\TEST\DR7\MPAB0\SX48.WAV	0.044444444444444446
G:\RP\TIMIT16kHz\TEST\DR7\MRCS0\SA1.WAV	0.1
G:\RP\TIMIT16kHz\TEST\DR7\MRCS0\SA2.WAV	0.0
G:\RP\TIMIT16kHz\TEST\DR7\MRCS0\SI1223.WAV	0.07692307692307693
G:\RP\TIMIT16kHz\TEST\DR7\MRCS0\SI1853.WAV	0.1206896551724138
G:\RP\TIMIT16kHz\TEST\DR7\MRCS0\SI593.WAV	0.1111111111111111
G:\RP\TIMIT16kHz\TEST\DR7\MRCS0\SX143.WAV	0.07142857142857142
G:\RP\TIMIT16kHz\TEST\DR7\MRCS0\SX233.WAV	0.10344827586206896
G:\RP\TIMIT16kHz\TEST\DR7\MRCS0\SX323.WAV	0.09090909090909091
G:\RP\TIMIT16kHz\TEST\DR7\MRCS0\SX413.WAV	0.043478260869565216
G:\RP\TIMIT16kHz\TEST\DR7\MRCS0\SX53.WAV	0.2
G:\RP\TIMIT16kHz\TEST\DR7\MRJM4\SA1.WAV	0.10256410256410256
G:\RP\TIMIT16kHz\TEST\DR7\MRJM4\SA2.WAV	0.125
G:\RP\TIMIT16kHz\TEST\DR7\MRJM4\SI1489.WAV	0.05555555555555555
G:\RP\TIMIT16kHz\TEST\DR7\MRJM4\SI2119.WAV	0.1111111111111111
G:\RP\TIMIT16kHz\TEST\DR7\MRJM4\SI859.WAV	0.12903225806451613
G:\RP\TIMIT16kHz\TEST\DR7\MRJM4\SX139.WAV	0.0975609756097561
G:\RP\TIMIT16kHz\TEST\DR7\MRJM4\SX229.WAV	0.1111111111111111
G:\RP\TIMIT16kHz\TEST\DR7\MRJM4\SX319.WAV	0.10526315789473684
G:\RP\TIMIT16kHz\TEST\DR7\MRJM4\SX409.WAV	0.14893617021276595
G:\RP\TIMIT16kHz\TEST\DR7\MRJM4\SX49.WAV	0.16666666666666666
G:\RP\TIMIT16kHz\TEST\DR7\MRMS1\SA1.WAV	0.07317073170731707
G:\RP\TIMIT16kHz\TEST\DR7\MRMS1\SA2.WAV	0.11428571428571428
G:\RP\TIMIT16kHz\TEST\DR7\MRMS1\SI1487.WAV	0.07407407407407407
G:\RP\TIMIT16kHz\TEST\DR7\MRMS1\SI2117.WAV	0.16666666666666666
G:\RP\TIMIT16kHz\TEST\DR7\MRMS1\SI857.WAV	0.12280701754385964
G:\RP\TIMIT16kHz\TEST\DR7\MRMS1\SX137.WAV	0.1568627450980392
G:\RP\TIMIT16kHz\TEST\DR7\MRMS1\SX227.WAV	0.1
G:\RP\TIMIT16kHz\TEST\DR7\MRMS1\SX317.WAV	0.125
G:\RP\TIMIT16kHz\TEST\DR7\MRMS1\SX407.WAV	0.13513513513513514
G:\RP\TIMIT16kHz\TEST\DR7\MRMS1\SX47.WAV	0.030303030303030304
G:\RP\TIMIT16kHz\TEST\DR7\MRPC0\SA1.WAV	0.14285714285714285
G:\RP\TIMIT16kHz\TEST\DR7\MRPC0\SA2.WAV	0.02857142857142857
G:\RP\TIMIT16kHz\TEST\DR7\MRPC0\SI1753.WAV	0.12
G:\RP\TIMIT16kHz\TEST\DR7\MRPC0\SI493.WAV	0.16666666666666666
G:\RP\TIMIT16kHz\TEST\DR7\MRPC0\SI933.WAV	0.1
G:\RP\TIMIT16kHz\TEST\DR7\MRPC0\SX133.WAV	0.10526315789473684
G:\RP\TIMIT16kHz\TEST\DR7\MRPC0\SX223.WAV	0.03125
G:\RP\TIMIT16kHz\TEST\DR7\MRPC0\SX313.WAV	0.02702702702702703
G:\RP\TIMIT16kHz\TEST\DR7\MRPC0\SX403.WAV	0.05
G:\RP\TIMIT16kHz\TEST\DR7\MRPC0\SX43.WAV	0.17647058823529413
G:\RP\TIMIT16kHz\TEST\DR7\MTWH0\SA1.WAV	0.15
G:\RP\TIMIT16kHz\TEST\DR7\MTWH0\SA2.WAV	0.14705882352941177
G:\RP\TIMIT16kHz\TEST\DR7\MTWH0\SI1190.WAV	0.09523809523809523
G:\RP\TIMIT16kHz\TEST\DR7\MTWH0\SI1629.WAV	0.13636363636363635
G:\RP\TIMIT16kHz\TEST\DR7\MTWH0\SI1820.WAV	0.16666666666666666
G:\RP\TIMIT16kHz\TEST\DR7\MTWH0\SX110.WAV	0.1111111111111111
G:\RP\TIMIT16kHz\TEST\DR7\MTWH0\SX20.WAV	0.03571428571428571
G:\RP\TIMIT16kHz\TEST\DR7\MTWH0\SX200.WAV	0.024390243902439025
G:\RP\TIMIT16kHz\TEST\DR7\MTWH0\SX290.WAV	0.15517241379310345
G:\RP\TIMIT16kHz\TEST\DR7\MTWH0\SX380.WAV	0.10714285714285714
G:\RP\TIMIT16kHz\TEST\DR8\FCMH1\SA1.WAV	0.1
G:\RP\TIMIT16kHz\TEST\DR8\FCMH1\SA2.WAV	0.09090909090909091
G:\RP\TIMIT16kHz\TEST\DR8\FCMH1\SI1493.WAV	0.05263157894736842
G:\RP\TIMIT16kHz\TEST\DR8\FCMH1\SI2123.WAV	0.07317073170731707
G:\RP\TIMIT16kHz\TEST\DR8\FCMH1\SI863.WAV	0.13114754098360656
G:\RP\TIMIT16kHz\TEST\DR8\FCMH1\SX143.WAV	0.075
G:\RP\TIMIT16kHz\TEST\DR8\FCMH1\SX233.WAV	0.16
G:\RP\TIMIT16kHz\TEST\DR8\FCMH1\SX323.WAV	0.21212121212121213
G:\RP\TIMIT16kHz\TEST\DR8\FCMH1\SX413.WAV	0.022222222222222223
G:\RP\TIMIT16kHz\TEST\DR8\FCMH1\SX53.WAV	0.1951219512195122
G:\RP\TIMIT16kHz\TEST\DR8\FJSJ0\SA1.WAV	0.1
G:\RP\TIMIT16kHz\TEST\DR8\FJSJ0\SA2.WAV	0.0625
G:\RP\TIMIT16kHz\TEST\DR8\FJSJ0\SI1484.WAV	0.06666666666666667
G:\RP\TIMIT16kHz\TEST\DR8\FJSJ0\SI2114.WAV	0.16666666666666666
G:\RP\TIMIT16kHz\TEST\DR8\FJSJ0\SI854.WAV	0.08571428571428572
G:\RP\TIMIT16kHz\TEST\DR8\FJSJ0\SX134.WAV	0.10638297872340426
G:\RP\TIMIT16kHz\TEST\DR8\FJSJ0\SX224.WAV	0.21052631578947367
G:\RP\TIMIT16kHz\TEST\DR8\FJSJ0\SX314.WAV	0.06521739130434782
G:\RP\TIMIT16kHz\TEST\DR8\FJSJ0\SX404.WAV	0.09090909090909091
G:\RP\TIMIT16kHz\TEST\DR8\FJSJ0\SX44.WAV	0.16216216216216217
G:\RP\TIMIT16kHz\TEST\DR8\FMLD0\SA1.WAV	0.07692307692307693
G:\RP\TIMIT16kHz\TEST\DR8\FMLD0\SA2.WAV	0.09375
G:\RP\TIMIT16kHz\TEST\DR8\FMLD0\SI2185.WAV	0.08695652173913043
G:\RP\TIMIT16kHz\TEST\DR8\FMLD0\SI822.WAV	0.07462686567164178
G:\RP\TIMIT16kHz\TEST\DR8\FMLD0\SI925.WAV	0.05263157894736842
G:\RP\TIMIT16kHz\TEST\DR8\FMLD0\SX115.WAV	0.07692307692307693
G:\RP\TIMIT16kHz\TEST\DR8\FMLD0\SX205.WAV	0.24489795918367346
G:\RP\TIMIT16kHz\TEST\DR8\FMLD0\SX25.WAV	0.19047619047619047
G:\RP\TIMIT16kHz\TEST\DR8\FMLD0\SX295.WAV	0.17073170731707318
G:\RP\TIMIT16kHz\TEST\DR8\FMLD0\SX385.WAV	0.125
G:\RP\TIMIT16kHz\TEST\DR8\MAJC0\SA1.WAV	0.10256410256410256
G:\RP\TIMIT16kHz\TEST\DR8\MAJC0\SA2.WAV	0.0625
G:\RP\TIMIT16kHz\TEST\DR8\MAJC0\SI1946.WAV	0.08333333333333333
G:\RP\TIMIT16kHz\TEST\DR8\MAJC0\SI2095.WAV	0.03225806451612903
G:\RP\TIMIT16kHz\TEST\DR8\MAJC0\SI835.WAV	0.11666666666666667
G:\RP\TIMIT16kHz\TEST\DR8\MAJC0\SX115.WAV	0.05263157894736842
G:\RP\TIMIT16kHz\TEST\DR8\MAJC0\SX205.WAV	0.08333333333333333
G:\RP\TIMIT16kHz\TEST\DR8\MAJC0\SX25.WAV	0.08695652173913043
G:\RP\TIMIT16kHz\TEST\DR8\MAJC0\SX295.WAV	0.11627906976744186
G:\RP\TIMIT16kHz\TEST\DR8\MAJC0\SX385.WAV	0.0625
G:\RP\TIMIT16kHz\TEST\DR8\MDAW1\SA1.WAV	0.125
G:\RP\TIMIT16kHz\TEST\DR8\MDAW1\SA2.WAV	0.09090909090909091
G:\RP\TIMIT16kHz\TEST\DR8\MDAW1\SI1453.WAV	0.13793103448275862
G:\RP\TIMIT16kHz\TEST\DR8\MDAW1\SI2083.WAV	0.023255813953488372
G:\RP\TIMIT16kHz\TEST\DR8\MDAW1\SI823.WAV	0.13953488372093023
G:\RP\TIMIT16kHz\TEST\DR8\MDAW1\SX103.WAV	0.05714285714285714
G:\RP\TIMIT16kHz\TEST\DR8\MDAW1\SX13.WAV	0.04
G:\RP\TIMIT16kHz\TEST\DR8\MDAW1\SX193.WAV	0.10714285714285714
G:\RP\TIMIT16kHz\TEST\DR8\MDAW1\SX283.WAV	0.11627906976744186
G:\RP\TIMIT16kHz\TEST\DR8\MDAW1\SX373.WAV	0.1111111111111111
G:\RP\TIMIT16kHz\TEST\DR8\MJLN0\SA1.WAV	0.15384615384615385
G:\RP\TIMIT16kHz\TEST\DR8\MJLN0\SA2.WAV	0.0
G:\RP\TIMIT16kHz\TEST\DR8\MJLN0\SI1449.WAV	0.22413793103448276
G:\RP\TIMIT16kHz\TEST\DR8\MJLN0\SI2079.WAV	0.058823529411764705
G:\RP\TIMIT16kHz\TEST\DR8\MJLN0\SI819.WAV	0.14035087719298245
G:\RP\TIMIT16kHz\TEST\DR8\MJLN0\SX189.WAV	0.029411764705882353
G:\RP\TIMIT16kHz\TEST\DR8\MJLN0\SX279.WAV	0.10204081632653061
G:\RP\TIMIT16kHz\TEST\DR8\MJLN0\SX369.WAV	0.14285714285714285
G:\RP\TIMIT16kHz\TEST\DR8\MJLN0\SX9.WAV	0.05263157894736842
G:\RP\TIMIT16kHz\TEST\DR8\MJLN0\SX99.WAV	0.05555555555555555
G:\RP\TIMIT16kHz\TEST\DR8\MJTC0\SA1.WAV	0.0
G:\RP\TIMIT16kHz\TEST\DR8\MJTC0\SA2.WAV	0.0
G:\RP\TIMIT16kHz\TEST\DR8\MJTC0\SI1460.WAV	0.07575757575757576
G:\RP\TIMIT16kHz\TEST\DR8\MJTC0\SI2090.WAV	0.07692307692307693
G:\RP\TIMIT16kHz\TEST\DR8\MJTC0\SI830.WAV	0.16666666666666666
G:\RP\TIMIT16kHz\TEST\DR8\MJTC0\SX110.WAV	0.09302325581395349
G:\RP\TIMIT16kHz\TEST\DR8\MJTC0\SX20.WAV	0.03333333333333333
G:\RP\TIMIT16kHz\TEST\DR8\MJTC0\SX200.WAV	0.2
G:\RP\TIMIT16kHz\TEST\DR8\MJTC0\SX290.WAV	0.09615384615384616
G:\RP\TIMIT16kHz\TEST\DR8\MJTC0\SX380.WAV	0.13793103448275862
G:\RP\TIMIT16kHz\TEST\DR8\MJTH0\SA1.WAV	0.047619047619047616
G:\RP\TIMIT16kHz\TEST\DR8\MJTH0\SA2.WAV	0.058823529411764705
G:\RP\TIMIT16kHz\TEST\DR8\MJTH0\SI1296.WAV	0.0847457627118644
G:\RP\TIMIT16kHz\TEST\DR8\MJTH0\SI1926.WAV	0.034482758620689655
G:\RP\TIMIT16kHz\TEST\DR8\MJTH0\SI666.WAV	0.1111111111111111
G:\RP\TIMIT16kHz\TEST\DR8\MJTH0\SX126.WAV	0.16666666666666666
G:\RP\TIMIT16kHz\TEST\DR8\MJTH0\SX216.WAV	0.14285714285714285
G:\RP\TIMIT16kHz\TEST\DR8\MJTH0\SX306.WAV	0.03571428571428571
G:\RP\TIMIT16kHz\TEST\DR8\MJTH0\SX36.WAV	0.1
G:\RP\TIMIT16kHz\TEST\DR8\MJTH0\SX396.WAV	0.0784313725490196
G:\RP\TIMIT16kHz\TEST\DR8\MPAM0\SA1.WAV	0.1282051282051282
G:\RP\TIMIT16kHz\TEST\DR8\MPAM0\SA2.WAV	0.18181818181818182
G:\RP\TIMIT16kHz\TEST\DR8\MPAM0\SI1189.WAV	0.3
G:\RP\TIMIT16kHz\TEST\DR8\MPAM0\SI1819.WAV	0.125
G:\RP\TIMIT16kHz\TEST\DR8\MPAM0\SI1961.WAV	0.08771929824561403
G:\RP\TIMIT16kHz\TEST\DR8\MPAM0\SX109.WAV	0.1111111111111111
G:\RP\TIMIT16kHz\TEST\DR8\MPAM0\SX19.WAV	0.17647058823529413
G:\RP\TIMIT16kHz\TEST\DR8\MPAM0\SX199.WAV	0.13725490196078433
G:\RP\TIMIT16kHz\TEST\DR8\MPAM0\SX289.WAV	0.24242424242424243
G:\RP\TIMIT16kHz\TEST\DR8\MPAM0\SX379.WAV	0.0
G:\RP\TIMIT16kHz\TEST\DR8\MRES0\SA1.WAV	0.075
G:\RP\TIMIT16kHz\TEST\DR8\MRES0\SA2.WAV	0.0625
G:\RP\TIMIT16kHz\TEST\DR8\MRES0\SI1217.WAV	0.13333333333333333
G:\RP\TIMIT16kHz\TEST\DR8\MRES0\SI1847.WAV	0.1875
G:\RP\TIMIT16kHz\TEST\DR8\MRES0\SI587.WAV	0.13953488372093023
G:\RP\TIMIT16kHz\TEST\DR8\MRES0\SX137.WAV	0.12
G:\RP\TIMIT16kHz\TEST\DR8\MRES0\SX227.WAV	0.03571428571428571
G:\RP\TIMIT16kHz\TEST\DR8\MRES0\SX317.WAV	0.07894736842105263
G:\RP\TIMIT16kHz\TEST\DR8\MRES0\SX407.WAV	0.08333333333333333
G:\RP\TIMIT16kHz\TEST\DR8\MRES0\SX47.WAV	0.0625
G:\RP\TIMIT16kHz\TEST\DR8\MSLB0\SA1.WAV	0.05263157894736842
G:\RP\TIMIT16kHz\TEST\DR8\MSLB0\SA2.WAV	0.13513513513513514
G:\RP\TIMIT16kHz\TEST\DR8\MSLB0\SI1193.WAV	0.25
G:\RP\TIMIT16kHz\TEST\DR8\MSLB0\SI1823.WAV	0.10256410256410256
G:\RP\TIMIT16kHz\TEST\DR8\MSLB0\SI563.WAV	0.18421052631578946
G:\RP\TIMIT16kHz\TEST\DR8\MSLB0\SX113.WAV	0.058823529411764705
G:\RP\TIMIT16kHz\TEST\DR8\MSLB0\SX203.WAV	0.09375
G:\RP\TIMIT16kHz\TEST\DR8\MSLB0\SX23.WAV	0.15151515151515152
G:\RP\TIMIT16kHz\TEST\DR8\MSLB0\SX293.WAV	0.06521739130434782
G:\RP\TIMIT16kHz\TEST\DR8\MSLB0\SX383.WAV	0.025
average	0.10459090187172654
